"attestation_id","redemption_process","contract_id","allocation_id","smart_contract_address","batchID","network","zl_protocol_version","minerID","beneficiary","beneficiary_country","beneficiary_location","supply_country","volume_required","start_date","end_date","redemption_purpose","attestation_folder"
"20221024_SouthPole_FF_transaction_1_attestation_1","manual","20221024_SouthPole_FF_transaction_1_contract_2",,"0x2248a8E53c8cf533AEEf2369FfF9Dc8C036c8900",6190,246,"ZL 1.0.0",,"Blockchain Network ID: 246 - Tokenization Protocol: ZL 1.0.0 - Smart Contract Address: 0x2248a8E53c8cf533AEEf2369FfF9Dc8C036c8900 - Batch ID: 6190",,,,,,,"The certificates are redeemed (= assigned to the beneficiary) for the purpose of tokenization and bridging to the Blockchain: Energy Web Chain with the Network ID 246. The smart contract address is 0x2248a8E53c8cf533AEEf2369FfF9Dc8C036c8900 and the specific certificate batch ID is 6190. The certificates will be created as tokens of type ERC1888-Topic1",
"20221024_SouthPole_FF_transaction_1_attestation_2","manual","20221024_SouthPole_FF_transaction_1_contract_22",,"0x2248a8E53c8cf533AEEf2369FfF9Dc8C036c8900",6191,246,"ZL 1.0.0",,"Blockchain Network ID: 246 - Tokenization Protocol: ZL 1.0.0 - Smart Contract Address: 0x2248a8E53c8cf533AEEf2369FfF9Dc8C036c8900 - Batch ID: 6191",,,,,,,"The certificates are redeemed (= assigned to the beneficiary) for the purpose of tokenization and bridging to the Blockchain: Energy Web Chain with the Network ID 246. The smart contract address is 0x2248a8E53c8cf533AEEf2369FfF9Dc8C036c8900 and the specific certificate batch ID is 6191. The certificates will be created as tokens of type ERC1888-Topic1",
"20221024_SouthPole_FF_transaction_1_attestation_3","manual","20221024_SouthPole_FF_transaction_1_contract_1",,"0x2248a8E53c8cf533AEEf2369FfF9Dc8C036c8900",0xae2ea3855b019082b667b30f2f864bce8fb2498a6addd6919d3607a476bc3bd9,246,"ZLv1.1.0a",,"CID:QmP67xNEs1j1uvRNngdGJ5HTFu7dcobpeS2w6PLdpKmkpd","FR",,"FR","4156","2021-09-01","2021-09-30","Zero Labs Tokenization - go to ipfs.io/ipfs/_CID_","20221024_SouthPole_FF_transaction_1_delivery"
"20221024_SouthPole_FF_transaction_1_attestation_4","manual","20221024_SouthPole_FF_transaction_1_contract_3",,"0x2248a8E53c8cf533AEEf2369FfF9Dc8C036c8900",0x16795a8b1b7f661592def87fa04cbf75c878bf17ee8b8d4efd0f6c250becd1f5,246,"ZLv1.1.0a",,"CID:QmUz4va4m7Tdx3ztB1ZmHVHMuh5wamQqjSvVPYf3bVzPXf","FR",,"FR","4987","2022-01-01","2022-03-31","Zero Labs Tokenization - go to ipfs.io/ipfs/_CID_","20221024_SouthPole_FF_transaction_1_delivery"
"20221024_SouthPole_FF_transaction_1_attestation_5","manual","20221024_SouthPole_FF_transaction_1_contract_4",,"0x2248a8E53c8cf533AEEf2369FfF9Dc8C036c8900",0x41504f65b2d661a677ed9c65da55da2a066e470c3de9dc9413a33fd68d6abc54,246,"ZLv1.1.0a",,"CID:QmPw9zkHvhLrACnHycBzUY3svK77amJYqJwXzMn7Jo64pL","FR",,"FR","4811","2022-04-01","2022-06-30","Zero Labs Tokenization - go to ipfs.io/ipfs/_CID_","20221024_SouthPole_FF_transaction_1_delivery"
"20221024_SouthPole_FF_transaction_1_attestation_6","manual","20221024_SouthPole_FF_transaction_1_contract_5",,"0x2248a8E53c8cf533AEEf2369FfF9Dc8C036c8900",0x593dbcca77299b776b6d967ca495c1da7bd604bc965a3763fc07b3b7309bb4c3,246,"ZLv1.1.0a",,"CID:QmWaMwpGMG4gopF27D25mMu9NfC6EunDUvr3czTKJiGFFN","FR",,"FR","5208","2022-07-01","2022-09-30","Zero Labs Tokenization - go to ipfs.io/ipfs/_CID_","20221024_SouthPole_FF_transaction_1_delivery"
"20221024_SouthPole_FF_transaction_1_attestation_7","manual","20221024_SouthPole_FF_transaction_1_contract_6",,"0x2248a8E53c8cf533AEEf2369FfF9Dc8C036c8900",0x028879801e87ef66e3e7f6ce2c952f8dc3ece95792dd1638a29a0edced8180ce,246,"ZLv1.1.0a",,"CID:QmcpfEVPBF7fkz9q9B68TiFKArBNyghVMFuHkwwcbgFPwN","FR",,"FR","5010","2022-10-01","2022-12-31","Zero Labs Tokenization - go to ipfs.io/ipfs/_CID_","20221024_SouthPole_FF_transaction_1_delivery"
"20221024_SouthPole_FF_transaction_1_attestation_8","manual","20221024_SouthPole_FF_transaction_1_contract_7",,"0x2248a8E53c8cf533AEEf2369FfF9Dc8C036c8900",0x3991a735bd335b5d36d30d1e5ed51fd2b4e7d3e2015add4822faeee8ba314a41,246,"ZLv1.1.0a",,"CID:QmWK3cu2SYTq7JF1vGCJuYSdz9V9hwVCrB7rgkH5MTKk9h","ID",,"ID","12","2020-01-01","2020-12-31","Zero Labs Tokenization - go to ipfs.io/ipfs/_CID_","20221024_SouthPole_FF_transaction_1_delivery"
"20221024_SouthPole_FF_transaction_1_attestation_9","manual","20221024_SouthPole_FF_transaction_1_contract_8",,"0x2248a8E53c8cf533AEEf2369FfF9Dc8C036c8900",0x8305087433f17fc3e7bc7676b70e591753aac2f0ed467b3047621517be9f31cd,246,"ZLv1.1.0a",,"CID:QmNf7jwCnvcLpVutuzTHzJ7eHNMJWnZtUeFp8h5UHXRxFB","ID",,"ID","400","2021-01-01","2021-12-31","Zero Labs Tokenization - go to ipfs.io/ipfs/_CID_","20221024_SouthPole_FF_transaction_1_delivery"
"20221024_SouthPole_FF_transaction_1_attestation_10","manual","20221024_SouthPole_FF_transaction_1_contract_9",,"0x2248a8E53c8cf533AEEf2369FfF9Dc8C036c8900",0x051821f7d99cfe15105bded0c37e4bcf4cb4f8b7351dad43c73da715eae92a0b,246,"ZLv1.1.0a",,"CID:QmW4nWbmBqPVeoEF9pa7rTszumAzKeksqdfSnbX49mvxwG","ID",,"ID","324","2022-01-01","2022-12-31","Zero Labs Tokenization - go to ipfs.io/ipfs/_CID_","20221024_SouthPole_FF_transaction_1_delivery"
"20221024_SouthPole_FF_transaction_1_attestation_11","manual","20221024_SouthPole_FF_transaction_1_contract_10",,"0x2248a8E53c8cf533AEEf2369FfF9Dc8C036c8900",0xf0161c7043d6447d68a946dd42a62562c156d0b875c6ba6c3468627c38b54c5b,246,"ZLv1.1.0a",,"CID:QmPzBw7GG8SVtP12EAsVGWtXC3WRcf6UjioMkanjpp73PZ","ID",,"ID","100","2021-01-01","2021-12-31","Zero Labs Tokenization - go to ipfs.io/ipfs/_CID_","20221024_SouthPole_FF_transaction_1_delivery"
"20221024_SouthPole_FF_transaction_1_attestation_12","manual","20221024_SouthPole_FF_transaction_1_contract_11",,"0x2248a8E53c8cf533AEEf2369FfF9Dc8C036c8900",0xabe1af381cc9fa99440d5d26354bc2bb1be397b1fb992bc63d1b41a42fd81eec,246,"ZLv1.1.0a",,"CID:QmXupusPU4FcjbGX3bSgbf587ekNBAnr7xJVyWdVRKxooJ","ID",,"ID","66","2022-01-01","2022-12-31","Zero Labs Tokenization - go to ipfs.io/ipfs/_CID_","20221024_SouthPole_FF_transaction_1_delivery"
"20221024_SouthPole_FF_transaction_1_attestation_13","manual","20221024_SouthPole_FF_transaction_1_contract_12",,"0x2248a8E53c8cf533AEEf2369FfF9Dc8C036c8900",0xc292da7dc7e1ab0c205fee67b5e9be33f59a24ef0b6cdcf640a9df962a69ae74,246,"ZLv1.1.0a",,"CID:QmcDGCcpMsoG6hQKrR5jpVjH5mqXMKsAWPm3tvPb3jsWxn","NG",,"NG","12","2021-01-01","2021-12-31","Zero Labs Tokenization - go to ipfs.io/ipfs/_CID_","20221024_SouthPole_FF_transaction_1_delivery"
"20221024_SouthPole_FF_transaction_1_attestation_14","manual","20221024_SouthPole_FF_transaction_1_contract_13",,"0x2248a8E53c8cf533AEEf2369FfF9Dc8C036c8900",0x69d47567017d7efce4a2c49910c0aabc6184bb0dd6e461463356b577e78b166a,246,"ZLv1.1.0a",,"CID:QmfNhm4SLccnXUpYdvcQvKKKW3kF7N6uEmeWbY4LyPoGpH","NG",,"NG","16","2022-01-01","2022-12-31","Zero Labs Tokenization - go to ipfs.io/ipfs/_CID_","20221024_SouthPole_FF_transaction_1_delivery"
"20221024_SouthPole_FF_transaction_1_attestation_15","manual","20221024_SouthPole_FF_transaction_1_contract_14",,"0x2248a8E53c8cf533AEEf2369FfF9Dc8C036c8900",0x325451763a4d3e33f4cb2d5fd9d0251bc3bcfca783e8bb4bac974de5bf9a1dc0,246,"ZLv1.1.0a",,"CID:QmTySp8Q6giKJkRWTr6uHGxb8YJ8CZhHhsMSkKZu6JG6ZJ","VN",,"VN","3522","2020-01-01","2020-12-31","Zero Labs Tokenization - go to ipfs.io/ipfs/_CID_","20221024_SouthPole_FF_transaction_1_delivery"
"20221024_SouthPole_FF_transaction_1_attestation_16","manual","20221024_SouthPole_FF_transaction_1_contract_15",,"0x2248a8E53c8cf533AEEf2369FfF9Dc8C036c8900",0x8f12e8f837b1769d94e11081118b9900323ed08456dad0e8a9c68cc6949c5405,246,"ZLv1.1.0a",,"CID:Qmadu7JE6MLF6vNRHTjuXuXtqKFrMj6hnaChJzHsVqhgej","VN",,"VN","5116","2021-01-01","2021-06-30","Zero Labs Tokenization - go to ipfs.io/ipfs/_CID_","20221024_SouthPole_FF_transaction_1_delivery"
"20221024_SouthPole_FF_transaction_1_attestation_17","manual","20221024_SouthPole_FF_transaction_1_contract_16",,"0x2248a8E53c8cf533AEEf2369FfF9Dc8C036c8900",0xaef78e6f6bd0ded4a79cf4fc93c6dfef1d4d42d0ddd43a3935b77c72f37a0db8,246,"ZLv1.1.0a",,"CID:QmWT1biSm2CbpoZTVND1zNpQG7QbwjPrk1g38Fw5swbThb","VN",,"VN","8005","2021-07-01","2021-09-30","Zero Labs Tokenization - go to ipfs.io/ipfs/_CID_","20221024_SouthPole_FF_transaction_1_delivery"
"20221024_SouthPole_FF_transaction_1_attestation_18","manual","20221024_SouthPole_FF_transaction_1_contract_17",,"0x2248a8E53c8cf533AEEf2369FfF9Dc8C036c8900",0x612c1c578e14712c9b8a73cf4d9e7f75d4f39a32f6fd931f17b7448b229017d5,246,"ZLv1.1.0a",,"CID:QmXnbPYRpqGmF2QPg7L5CYCQyynebtDa63Dv9CdWkS8gTD","VN",,"VN","6862","2021-10-01","2021-12-31","Zero Labs Tokenization - go to ipfs.io/ipfs/_CID_","20221024_SouthPole_FF_transaction_1_delivery"
"20221024_SouthPole_FF_transaction_1_attestation_19","manual","20221024_SouthPole_FF_transaction_1_contract_18",,"0x2248a8E53c8cf533AEEf2369FfF9Dc8C036c8900",0xe8ff68fd2ab1128a9408bda260f4629489b57992e508c10347ff3731249c6e95,246,"ZLv1.1.0a",,"CID:QmQgo7cgbncdy8XwnZRLz8BzrK7WpjUk19tcSsasz6Uf7s","VN",,"VN","4326","2022-01-01","2022-03-31","Zero Labs Tokenization - go to ipfs.io/ipfs/_CID_","20221024_SouthPole_FF_transaction_1_delivery"
"20221024_SouthPole_FF_transaction_1_attestation_20","manual","20221024_SouthPole_FF_transaction_1_contract_19",,"0x2248a8E53c8cf533AEEf2369FfF9Dc8C036c8900",0x9afef43c9950ac745605e4d9a9ac2cddf5a3c50de4ec9c62fa1b1d1e49785728,246,"ZLv1.1.0a",,"CID:Qmby7YdzcHd3iXQRuLYtDaq5wVFCXKgBvzVP4b9X5V2R3S","VN",,"VN","9026","2022-04-01","2022-06-30","Zero Labs Tokenization - go to ipfs.io/ipfs/_CID_","20221024_SouthPole_FF_transaction_1_delivery"
"20221024_SouthPole_FF_transaction_1_attestation_21","manual","20221024_SouthPole_FF_transaction_1_contract_20",,"0x2248a8E53c8cf533AEEf2369FfF9Dc8C036c8900",0x7857414371a8ad566d3bed3b8cc64dc144527723999bf949b2d226dd713d0603,246,"ZLv1.1.0a",,"CID:QmT3o35mVxAUDPpmdZ1UTi4vzQG71MgWQpxRB4kVFRtGnJ","VN",,"VN","5789","2022-07-01","2022-09-30","Zero Labs Tokenization - go to ipfs.io/ipfs/_CID_","20221024_SouthPole_FF_transaction_1_delivery"
"20221024_SouthPole_FF_transaction_1_attestation_22","manual","20221024_SouthPole_FF_transaction_1_contract_21",,"0x2248a8E53c8cf533AEEf2369FfF9Dc8C036c8900",0x67aee62aa5e915bc32d2a6d3ab25fa8bcbb3e4c02f8c9531522960b94ca95472,246,"ZLv1.1.0a",,"CID:QmNTpNhW2Sw5qtxZzMYMfTu1oA4BUpzKHkV8r4t7D5Zw6X","VN",,"VN","7408","2022-10-01","2022-12-31","Zero Labs Tokenization - go to ipfs.io/ipfs/_CID_","20221024_SouthPole_FF_transaction_1_delivery"
"20221024_SouthPole_FF_transaction_1_attestation_23","manual","20221024_SouthPole_FF_transaction_1_contract_23",,"0x2248a8E53c8cf533AEEf2369FfF9Dc8C036c8900",0x48b687d830b57315498719fb795cd81a8a3180bccef1aea5ca4828f37137fa44,246,"ZLv1.1.0a",,"CID:QmVyNufffSF5ArEPXcocYKPowPZNgU8z3NvvEFqEwpaCqz","JP",,"JP","2544","2022-01-01","2022-12-31","Zero Labs Tokenization - go to ipfs.io/ipfs/_CID_","20221024_SouthPole_FF_transaction_1_delivery"
"20221024_SouthPole_FF_transaction_1_attestation_24","manual","20221024_SouthPole_FF_transaction_1_contract_24",,"0x2248a8E53c8cf533AEEf2369FfF9Dc8C036c8900",0x37acb1daf13807c0a3664cac72fdb04cf12b2e2f4a9db6a94d644bab19664eb8,246,"ZLv1.1.0a",,"CID:Qma1CZ8H5uEtZvj522fVxjg5ZZQaCf9up8o3DPe5UAjNL7","AU",,"AU","159","2021-01-01","2021-12-31","Zero Labs Tokenization - go to ipfs.io/ipfs/_CID_","20221024_SouthPole_FF_transaction_1_delivery"
"20221024_SouthPole_FF_transaction_1_attestation_25","manual","20221024_SouthPole_FF_transaction_1_contract_25",,"0x2248a8E53c8cf533AEEf2369FfF9Dc8C036c8900",0x893152794179552b312a3b83ec796bb727a48153a117dc065372f9e48e587eeb,246,"ZLv1.1.0a",,"CID:QmVQ3M1XKkRgUBTRGhjc3VRXEhkYiNRDp2R81gZX4njfqr","AU",,"AU","1412","2022-01-01","2022-12-31","Zero Labs Tokenization - go to ipfs.io/ipfs/_CID_","20221024_SouthPole_FF_transaction_1_delivery"
"20221024_SouthPole_FF_transaction_1_attestation_26","manual","20221024_SouthPole_FF_transaction_1_contract_26",,"0x2248a8E53c8cf533AEEf2369FfF9Dc8C036c8900",0xdc766fdf4358bf659521b478faaf50e2f3c5f6d3ce0e77b5e69f0a594e8060ed,246,"ZLv1.1.0a",,"CID:QmbSaKcbQjtMxZNPC3Yep6D2C95M346pWs1HjXDwYeww9E","US",,"US","1794","2020-07-01","2020-12-31","Zero Labs Tokenization - go to ipfs.io/ipfs/_CID_","20221024_SouthPole_FF_transaction_1_delivery"
"20221024_SouthPole_FF_transaction_1_attestation_27","manual","20221024_SouthPole_FF_transaction_1_contract_27",,"0x2248a8E53c8cf533AEEf2369FfF9Dc8C036c8900",0x1de5a44749759590b3f28ce2ed11163e7617f25a3caae51e8352ad859414b56d,246,"ZLv1.1.0a",,"CID:Qmackue7h22pk5JX5qx7YDYDXwk5jN6D5yqWwR2odjnmL7","US",,"US","8558","2020-07-01","2020-12-31","Zero Labs Tokenization - go to ipfs.io/ipfs/_CID_","20221024_SouthPole_FF_transaction_1_delivery"
"20221024_SouthPole_FF_transaction_1_attestation_28","manual","20221024_SouthPole_FF_transaction_1_contract_28",,"0x2248a8E53c8cf533AEEf2369FfF9Dc8C036c8900",0x5eb2d23cbe9b33d2cd815c1564582d29f0a8b6b10728beff738200a2d5c8ded9,246,"ZLv1.1.0a",,"CID:QmWYkitKQn5ybAGmnCFNDDJRLem1D9QQp1piGpWw7FDhMg","US",,"US","9674","2021-01-01","2021-06-30","Zero Labs Tokenization - go to ipfs.io/ipfs/_CID_","20221024_SouthPole_FF_transaction_1_delivery"
"20221024_SouthPole_FF_transaction_1_attestation_29","manual","20221024_SouthPole_FF_transaction_1_contract_29",,"0x2248a8E53c8cf533AEEf2369FfF9Dc8C036c8900",0xe10b372dd70fc269bee30c55d6489978e7247228ed97862fb1cdb51f73b05672,246,"ZLv1.1.0a",,"CID:QmXfssgZ62aDJWNcpjAbe5KyeAJSZev4CixPwZETYAqQWW","US",,"US","9296","2021-01-01","2021-06-30","Zero Labs Tokenization - go to ipfs.io/ipfs/_CID_","20221024_SouthPole_FF_transaction_1_delivery"
"20221024_SouthPole_FF_transaction_1_attestation_30","manual","20221024_SouthPole_FF_transaction_1_contract_30",,"0x2248a8E53c8cf533AEEf2369FfF9Dc8C036c8900",0x6b90b54d1291e03f46ad7501c0fdb8ee70c63ee84478e4d0325e1d49f2004259,246,"ZLv1.1.0a",,"CID:QmWvMTgL266ZMVE9Ru3VMhS9YSApLTjyQS8DWGVyCj3PxF","US",,"US","20755","2021-07-01","2021-12-31","Zero Labs Tokenization - go to ipfs.io/ipfs/_CID_","20221024_SouthPole_FF_transaction_1_delivery"
"20221024_SouthPole_FF_transaction_1_attestation_31","manual","20221024_SouthPole_FF_transaction_1_contract_31",,"0x2248a8E53c8cf533AEEf2369FfF9Dc8C036c8900",0x415907f8d4ef4fe22e2255cf6e6585b6744e5e426110bf797fbf10975989928d,246,"ZLv1.1.0a",,"CID:QmRzgeL1ogSh75Z9P42J41DVMx1q9MCuqP4LZXUv9vRNAQ","US",,"US","19480","2021-07-01","2021-12-31","Zero Labs Tokenization - go to ipfs.io/ipfs/_CID_","20221024_SouthPole_FF_transaction_1_delivery"
"20221024_SouthPole_FF_transaction_1_attestation_32","manual","20221024_SouthPole_FF_transaction_1_contract_32",,"0x2248a8E53c8cf533AEEf2369FfF9Dc8C036c8900",0x56bb76ebfb81b4076ae3fadc4a10ba6a289e7cde258ed43a230b9ba518c2c853,246,"ZLv1.1.0a",,"CID:QmaaDCtSY3hhjJWh1Kn5EveZGU31i196MAxR7Dp4kdhdEf","US",,"US","17689","2022-01-01","2022-06-30","Zero Labs Tokenization - go to ipfs.io/ipfs/_CID_","20221024_SouthPole_FF_transaction_1_delivery"
"20221024_SouthPole_FF_transaction_1_attestation_33","manual","20221024_SouthPole_FF_transaction_1_contract_33",,"0x2248a8E53c8cf533AEEf2369FfF9Dc8C036c8900",0xb4ce567400a4ae5163a481d044e7d35fe5ef4fafd0f2658ba65507b68947bdfe,246,"ZLv1.1.0a",,"CID:QmbWkk9srGYiGCUBpME4hub389ewqzkj7LLcmCt9mrpvDN","US",,"US","17291","2022-01-01","2022-06-30","Zero Labs Tokenization - go to ipfs.io/ipfs/_CID_","20221024_SouthPole_FF_transaction_1_delivery"
"20221024_SouthPole_FF_transaction_1_attestation_34","manual","20221024_SouthPole_FF_transaction_1_contract_34",,"0x2248a8E53c8cf533AEEf2369FfF9Dc8C036c8900",0x6dffa4f82927efb787a2492ef01c84de676d6b58f0f8dfe0147d5d2c84eb4f35,246,"ZLv1.1.0a",,"CID:QmYMPX54GX2h2szHXBxEPQJXEFBKmQJxXYMfiwE5vVc8Qb","US",,"US","17805","2022-07-01","2022-12-31","Zero Labs Tokenization - go to ipfs.io/ipfs/_CID_","20221024_SouthPole_FF_transaction_1_delivery"
"20221024_SouthPole_FF_transaction_1_attestation_35","manual","20221024_SouthPole_FF_transaction_1_contract_35",,"0x2248a8E53c8cf533AEEf2369FfF9Dc8C036c8900",0x24a2600e415da443ee7030b8b67196c2ebed1464e10ed1ed94b5737f7200022c,246,"ZLv1.1.0a",,"CID:QmaE4tQ6Agr2cCtHkvE6EKSCGGduW1kewVZYFqH3RpSsCj","US",,"US","17548","2022-07-01","2022-12-31","Zero Labs Tokenization - go to ipfs.io/ipfs/_CID_","20221024_SouthPole_FF_transaction_1_delivery"
"20221024_SouthPole_FF_transaction_1_attestation_36","manual","20221024_SouthPole_FF_transaction_1_contract_36",,"0x2248a8E53c8cf533AEEf2369FfF9Dc8C036c8900",0x557a653315d2cf1a44cbc1e3261233f2f41121a497e6f27286b826fbb510ada1,246,"ZLv1.1.0a",,"CID:Qmauvfa97ZVnGekbiDC35CJfgQ6qLqBiUub8F3FwvQvsKG","GB",,"GB","63","2021-06-01","2021-06-30","Zero Labs Tokenization - go to ipfs.io/ipfs/_CID_","20221024_SouthPole_FF_transaction_1_delivery"
"20221024_SouthPole_FF_transaction_1_attestation_37","manual","20221024_SouthPole_FF_transaction_1_contract_37",,"0x2248a8E53c8cf533AEEf2369FfF9Dc8C036c8900",0x8701c18043b6375eef082b9d69e008c92b7a16f8541517ba9ad56452aaf06ed1,246,"ZLv1.1.0a",,"CID:QmTSnE5JtPtNexZcLfwN6gVsEA62Gje6fpy1bQwEJYydkn","GB",,"GB","45","2021-07-01","2021-09-30","Zero Labs Tokenization - go to ipfs.io/ipfs/_CID_","20221024_SouthPole_FF_transaction_1_delivery"
"20221024_SouthPole_FF_transaction_1_attestation_38","manual","20221024_SouthPole_FF_transaction_1_contract_38",,"0x2248a8E53c8cf533AEEf2369FfF9Dc8C036c8900",0x76c11f9cb13930484da3335bb2548f1b19e3faad57f09634f535540f0e2ac8ad,246,"ZLv1.1.0a",,"CID:QmdHJTp94dqqPE75MJqN8USmgLf87EemTsq5YWVgqUpaJ1","GB",,"GB","132","2021-10-01","2021-12-31","Zero Labs Tokenization - go to ipfs.io/ipfs/_CID_","20221024_SouthPole_FF_transaction_1_delivery"
"20221024_SouthPole_FF_transaction_1_attestation_39","manual","20221024_SouthPole_FF_transaction_1_contract_39",,"0x2248a8E53c8cf533AEEf2369FfF9Dc8C036c8900",0xf52ddbe8e69094e2a012887bf7aab26b03e40865fc70b0850702d6466b0d2ca7,246,"ZLv1.1.0a",,"CID:QmVnwhw2g6P6HZBJdAZJXUSjee6amvywHuj1GmNM7h912h","GB",,"GB","261","2022-01-01","2022-03-31","Zero Labs Tokenization - go to ipfs.io/ipfs/_CID_","20221024_SouthPole_FF_transaction_1_delivery"
"20221024_SouthPole_FF_transaction_1_attestation_40","manual","20221024_SouthPole_FF_transaction_1_contract_40",,"0x2248a8E53c8cf533AEEf2369FfF9Dc8C036c8900",0xe74107dea57141175aae663f80098261b37fd2658e9e45df9194f1551060eff7,246,"ZLv1.1.0a",,"CID:QmRWF2YavDmcVGGCMXmCQxkJcgHHPesXzyeUMBEyBCTZtJ","GB",,"GB","484","2022-04-01","2022-06-30","Zero Labs Tokenization - go to ipfs.io/ipfs/_CID_","20221024_SouthPole_FF_transaction_1_delivery"
"20221024_SouthPole_FF_transaction_1_attestation_41","manual","20221024_SouthPole_FF_transaction_1_contract_41",,"0x2248a8E53c8cf533AEEf2369FfF9Dc8C036c8900",0x09b799d7716c2b9ded9ee4e2039602a01ff694cae34a8ca1807146c55fc072a6,246,"ZLv1.1.0a",,"CID:QmUPEjDgCAoFSauyCp3FkcHV9ohpzaNQkAdeavYnaoZDLe","GB",,"GB","290","2022-07-01","2022-09-30","Zero Labs Tokenization - go to ipfs.io/ipfs/_CID_","20221024_SouthPole_FF_transaction_1_delivery"
"20221024_SouthPole_FF_transaction_1_attestation_42","manual","20221024_SouthPole_FF_transaction_1_contract_42",,"0x2248a8E53c8cf533AEEf2369FfF9Dc8C036c8900",0x2ca180514cb4b9dbeacc3480e3f4bd9f35d345ef89efb1f3c683b1f8200ee65f,246,"ZLv1.1.0a",,"CID:QmShdWPdDYZ53C2mkERutPDLrhWuXKf4tiC7ChPTEQsBHe","GB",,"GB","387","2022-10-01","2022-12-31","Zero Labs Tokenization - go to ipfs.io/ipfs/_CID_","20221024_SouthPole_FF_transaction_1_delivery"
"20221024_SouthPole_FF_transaction_1_attestation_43","manual","20221024_SouthPole_FF_transaction_1_contract_43",,"0x2248a8E53c8cf533AEEf2369FfF9Dc8C036c8900",0xb89eaeb99decfbdc760bce59b38163f8302e689a046c981ac0ce5a1512cdd591,246,"ZLv1.1.0a",,"CID:QmdN8BswBNjrguNvZSe2ngXaxGM2iNtshYJkSitvfVsBxE","TH",,"TH","113","2020-07-01","2020-09-30","Zero Labs Tokenization - go to ipfs.io/ipfs/_CID_","20221024_SouthPole_FF_transaction_1_delivery"
"20221024_SouthPole_FF_transaction_1_attestation_44","manual","20221024_SouthPole_FF_transaction_1_contract_44",,"0x2248a8E53c8cf533AEEf2369FfF9Dc8C036c8900",0xda7a2e3092c09d2ba3c33d3d0fe4fcaea571e5153710b542cf7d3082e501e335,246,"ZLv1.1.0a",,"CID:Qme7GnyMBWW9gKjGjh2btiopK889PMmGYX8hXNtmdXaUye","TH",,"TH","1670","2020-10-01","2020-12-31","Zero Labs Tokenization - go to ipfs.io/ipfs/_CID_","20221024_SouthPole_FF_transaction_1_delivery"
"20221024_SouthPole_FF_transaction_1_attestation_45","manual","20221024_SouthPole_FF_transaction_1_contract_45",,"0x2248a8E53c8cf533AEEf2369FfF9Dc8C036c8900",0x54c76713eb2c1f0e166ce97554da9f595cc55a57d69c83cc0734110265a66080,246,"ZLv1.1.0a",,"CID:QmQciaZTJXuAiWPESmE6FEcZBs5Tdtz3rWxcpCoHc3xA8e","TH",,"TH","482","2021-01-01","2021-03-31","Zero Labs Tokenization - go to ipfs.io/ipfs/_CID_","20221024_SouthPole_FF_transaction_1_delivery"
"20221024_SouthPole_FF_transaction_1_attestation_46","manual","20221024_SouthPole_FF_transaction_1_contract_46",,"0x2248a8E53c8cf533AEEf2369FfF9Dc8C036c8900",0x62ca8e6bb1a74b92f5145e59837d80da7ec528f468feb9847504128179db752f,246,"ZLv1.1.0a",,"CID:Qmbe13P94qhcw4xm59DXMK6vq3aULKmqTmUBrn8x7XHETc","TH",,"TH","526","2021-04-01","2021-06-30","Zero Labs Tokenization - go to ipfs.io/ipfs/_CID_","20221024_SouthPole_FF_transaction_1_delivery"
"20221024_SouthPole_FF_transaction_1_attestation_47","manual","20221024_SouthPole_FF_transaction_1_contract_47",,"0x2248a8E53c8cf533AEEf2369FfF9Dc8C036c8900",0x1585adb09bf780d3fe4a75957654efabc7e550e686f19ce7559916d63de21acb,246,"ZLv1.1.0a",,"CID:QmS6JSgKwqgPqWPFgncL7bbmPYdbKE24qB4Sd8cB8JHYGb","TH",,"TH","3084","2021-07-01","2021-09-30","Zero Labs Tokenization - go to ipfs.io/ipfs/_CID_","20221024_SouthPole_FF_transaction_1_delivery"
"20221024_SouthPole_FF_transaction_1_attestation_48","manual","20221024_SouthPole_FF_transaction_1_contract_48",,"0x2248a8E53c8cf533AEEf2369FfF9Dc8C036c8900",0x3a8929199c0726cf4c7f4180e5162d8397762403a3a6ab7fddb7710f68d2d490,246,"ZLv1.1.0a",,"CID:Qmez1mgF5zcY4W38gb6BmXZ72kSvdLLDqukp9pHbi14o2Y","TH",,"TH","17223","2021-10-01","2021-12-31","Zero Labs Tokenization - go to ipfs.io/ipfs/_CID_","20221024_SouthPole_FF_transaction_1_delivery"
"20221024_SouthPole_FF_transaction_1_attestation_49","manual","20221024_SouthPole_FF_transaction_1_contract_49",,"0x2248a8E53c8cf533AEEf2369FfF9Dc8C036c8900",0xbc02b3347cae5bd62acf99650bfe6584a19ce0632e87dde30db34c1e01d9f219,246,"ZLv1.1.0a",,"CID:QmQUwTDFnuFhhwgDFvMWhTwRqcgK673R7ZVbADUEbb4mSR","TH",,"TH","16072","2022-01-01","2022-03-31","Zero Labs Tokenization - go to ipfs.io/ipfs/_CID_","20221024_SouthPole_FF_transaction_1_delivery"
"20221024_SouthPole_FF_transaction_1_attestation_50","manual","20221024_SouthPole_FF_transaction_1_contract_50",,"0x2248a8E53c8cf533AEEf2369FfF9Dc8C036c8900",0x0d5b241c1d5ef7108eb978d06bd10d1a9a000034e4ebbce72993ce7d7ef3c1a5,246,"ZLv1.1.0a",,"CID:QmXHfeftuEgKSesDptXYMsbNm534zfHfoQ69oGXJbkFBZb","TH",,"TH","10856","2022-04-01","2022-06-30","Zero Labs Tokenization - go to ipfs.io/ipfs/_CID_","20221024_SouthPole_FF_transaction_1_delivery"
"20221024_SouthPole_FF_transaction_1_attestation_51","manual","20221024_SouthPole_FF_transaction_1_contract_51",,"0x2248a8E53c8cf533AEEf2369FfF9Dc8C036c8900",0xdec8f43b06ca0fb640aafe8949873e743871877324fda8228e7756002990f997,246,"ZLv1.1.0a",,"CID:QmdWRheGwrCzB7zYj9VMKxofFwH3jW4EDhEhx8FpezwmAy","TH",,"TH","9393","2022-07-01","2022-09-30","Zero Labs Tokenization - go to ipfs.io/ipfs/_CID_","20221024_SouthPole_FF_transaction_1_delivery"
"20221024_SouthPole_FF_transaction_1_attestation_52","manual","20221024_SouthPole_FF_transaction_1_contract_52",,"0x2248a8E53c8cf533AEEf2369FfF9Dc8C036c8900",0x619ee46a658d6d2fdfd591e8d5be075983109e23b264f5c275f10afb16347d93,246,"ZLv1.1.0a",,"CID:QmdEpPQYtUedpCzA72gdm43T2dET4UAEb9EG2VWQ7N3uo7","TH",,"TH","10125","2022-10-01","2022-12-31","Zero Labs Tokenization - go to ipfs.io/ipfs/_CID_","20221024_SouthPole_FF_transaction_1_delivery"