"attestation_id","attestation_file","attestation_cid","certificate","certificate_cid","reportingStart","reportingStartTimezoneOffset","reportingEnd","reportingEndTimezoneOffset","sellerName","sellerAddress","country","region","volume_Wh","generatorName","productType","label","energySource","generationStart","generationStartTimezoneOffset","generationEnd","generationEndTimezoneOffset"
"20211115_3D_PL_transaction_1_attestation_1","AU_LGC_14MWh_year2021.pdf","bafybeieqknjcr4fmttaidpnwd5cudyztyv63rrtb4cm43ynzmietbynbqa","AU_LGC_14MWh_year2021_certificate_1","bafyreibyd6k2icdfckfec4dbtqlxrhx37yxz5zsz2e2wkmpkhbsbcjg4e4","2021-01-01",10,"2021-12-31",10,"3Degrees Group, Inc","235 Montgomery St Suite 320 CA94104 San Francisco US","AU",,14000000,"Jemalong Solar Project (SRPVNSW3)","LGC","","SOLAR","2021-01-01",10,"2021-12-31",10
"20211115_3D_PL_transaction_1_attestation_2","CA_GreenE_34MWh_Dec2020_to_June2021.pdf","bafybeifgo7qmwgngdlfxkmsxm4ejjxvpjdgcjqrx5jiz3x6i62w2n7ciau","CA_GreenE_34MWh_Dec2020_to_June2021_certificate_1","bafyreib3zivy5vzy2fazviqbhackggqc6vhbgdmfi2uoq7ydasircnpg2m","2020-12-01",-7,"2020-12-31",-7,"3Degrees Group, Inc","235 Montgomery St Suite 320 CA94104 San Francisco US","CA",,5000000,"Zurich CGS","REC","GREEN_E_ENERGY","WIND","2020-12-01",-7,"2020-12-31",-7
"20211115_3D_PL_transaction_1_attestation_2","CA_GreenE_34MWh_Dec2020_to_June2021.pdf","bafybeifgo7qmwgngdlfxkmsxm4ejjxvpjdgcjqrx5jiz3x6i62w2n7ciau","CA_GreenE_34MWh_Dec2020_to_June2021_certificate_2","bafyreibehgybgct5ryfybg5zcxgrzb5eooboffeaijntrtl2chu2ibcvmm","2021-01-01",-7,"2021-01-31",-7,"3Degrees Group, Inc","235 Montgomery St Suite 320 CA94104 San Francisco US","CA",,5000000,"Zurich CGS","REC","GREEN_E_ENERGY","WIND","2021-01-01",-7,"2021-01-31",-7
"20211115_3D_PL_transaction_1_attestation_2","CA_GreenE_34MWh_Dec2020_to_June2021.pdf","bafybeifgo7qmwgngdlfxkmsxm4ejjxvpjdgcjqrx5jiz3x6i62w2n7ciau","CA_GreenE_34MWh_Dec2020_to_June2021_certificate_3","bafyreiblbddsjeqnuihnx4kuumbbasump33frme47rol424sjlakfxju44","2021-02-01",-7,"2021-02-28",-7,"3Degrees Group, Inc","235 Montgomery St Suite 320 CA94104 San Francisco US","CA",,6000000,"St. Joseph Wind Farm","REC","GREEN_E_ENERGY","WIND","2021-02-01",-7,"2021-02-28",-7
"20211115_3D_PL_transaction_1_attestation_2","CA_GreenE_34MWh_Dec2020_to_June2021.pdf","bafybeifgo7qmwgngdlfxkmsxm4ejjxvpjdgcjqrx5jiz3x6i62w2n7ciau","CA_GreenE_34MWh_Dec2020_to_June2021_certificate_4","bafyreibufsk2wcd35oq5ca4hmn6fspuzshlnkkxant5otzw6r7tdpavrzy","2021-03-01",-6,"2021-03-31",-6,"3Degrees Group, Inc","235 Montgomery St Suite 320 CA94104 San Francisco US","CA",,6000000,"St. Joseph Wind Farm","REC","GREEN_E_ENERGY","WIND","2021-03-01",-6,"2021-03-31",-6
"20211115_3D_PL_transaction_1_attestation_2","CA_GreenE_34MWh_Dec2020_to_June2021.pdf","bafybeifgo7qmwgngdlfxkmsxm4ejjxvpjdgcjqrx5jiz3x6i62w2n7ciau","CA_GreenE_34MWh_Dec2020_to_June2021_certificate_5","bafyreig3uviwhc2wxbv6olzqoby3aue6m5253rxwvtskm4lmeejttg423u","2021-04-01",-6,"2021-04-30",-6,"3Degrees Group, Inc","235 Montgomery St Suite 320 CA94104 San Francisco US","CA",,5000000,"Hermanville Wind Farm","REC","GREEN_E_ENERGY","WIND","2021-04-01",-6,"2021-04-30",-6
"20211115_3D_PL_transaction_1_attestation_2","CA_GreenE_34MWh_Dec2020_to_June2021.pdf","bafybeifgo7qmwgngdlfxkmsxm4ejjxvpjdgcjqrx5jiz3x6i62w2n7ciau","CA_GreenE_34MWh_Dec2020_to_June2021_certificate_6","bafyreigghtrs5ijjcvswb6uzqbtiq2iue66ykxuqmawucjw4p5i4hddkwu","2021-05-01",-6,"2021-05-31",-6,"3Degrees Group, Inc","235 Montgomery St Suite 320 CA94104 San Francisco US","CA",,4000000,"Hermanville Wind Farm","REC","GREEN_E_ENERGY","WIND","2021-05-01",-6,"2021-05-31",-6
"20211115_3D_PL_transaction_1_attestation_2","CA_GreenE_34MWh_Dec2020_to_June2021.pdf","bafybeifgo7qmwgngdlfxkmsxm4ejjxvpjdgcjqrx5jiz3x6i62w2n7ciau","CA_GreenE_34MWh_Dec2020_to_June2021_certificate_7","bafyreiakcknyfo5sf6o6cigizxdnvfzcswjfr5i5cq5ngsyx24fk3b2zbu","2021-06-01",-6,"2021-06-30",-6,"3Degrees Group, Inc","235 Montgomery St Suite 320 CA94104 San Francisco US","CA",,3000000,"Hermanville Wind Farm","REC","GREEN_E_ENERGY","WIND","2021-06-01",-6,"2021-06-30",-6
"20211115_3D_PL_transaction_1_attestation_3","CA_GreenE_8MWh_Jul2021_to_Aug2021.pdf","bafybeievjsdut34kt36ysc64nfumvyjz63bgd6g6q6wfzg25cyguftvj4i","CA_GreenE_8MWh_Jul2021_to_Aug2021_certificate_1","bafyreigfoez2mqhqo52v2q6zmssikauqdwzizoj5qaxqlvtl4ad62yxnxu","2021-07-01",-6,"2021-07-31",-6,"3Degrees Group, Inc","235 Montgomery St Suite 320 CA94104 San Francisco US","CA",,4000000,"Zurich CGS","REC","GREEN_E_ENERGY","WIND","2021-07-01",-6,"2021-07-31",-6
"20211115_3D_PL_transaction_1_attestation_3","CA_GreenE_8MWh_Jul2021_to_Aug2021.pdf","bafybeievjsdut34kt36ysc64nfumvyjz63bgd6g6q6wfzg25cyguftvj4i","CA_GreenE_8MWh_Jul2021_to_Aug2021_certificate_2","bafyreih2lpyzbfdevfkvuodevddmxghd7uju5g5w7iezktfc3hzt2hqexa","2021-08-01",-6,"2021-08-31",-6,"3Degrees Group, Inc","235 Montgomery St Suite 320 CA94104 San Francisco US","CA",,4000000,"Zurich CGS","REC","GREEN_E_ENERGY","WIND","2021-08-01",-6,"2021-08-31",-6
"20211115_3D_PL_transaction_1_attestation_4","CN_IREC_82583MWh_Jan2021_to_August2021.pdf","bafkreigezmnznzlzekq3bnhmy6miqna3ek4lbsny67egmgjrb7enitblym","CN_IREC_82583MWh_Jan2021_to_August2021_certificate_1","bafyreihurukirdoftv2vaajvfgstuyv5sn4rahkl66dx2k62xvx4hv3hia","2021-05-01",8,"2021-05-31",8,"3Degrees Group, Inc","235 Montgomery St Suite 320 CA94104 San Francisco US","CN",,6760000000,"Jilin Xiangyang 1st phase Wind Power Project","IREC","","WIND","2021-05-01",8,"2021-05-31",8
"20211115_3D_PL_transaction_1_attestation_4","CN_IREC_82583MWh_Jan2021_to_August2021.pdf","bafkreigezmnznzlzekq3bnhmy6miqna3ek4lbsny67egmgjrb7enitblym","CN_IREC_82583MWh_Jan2021_to_August2021_certificate_2","bafyreicwchk7yz7kixwjjzommdltek6sp3mkdxisfpauwatrv4mfhnkgki","2021-07-01",8,"2021-07-31",8,"3Degrees Group, Inc","235 Montgomery St Suite 320 CA94104 San Francisco US","CN",,12074000000,"Jilin Xiangyang 1st phase Wind Power Project","IREC","","WIND","2021-07-01",8,"2021-07-31",8
"20211115_3D_PL_transaction_1_attestation_4","CN_IREC_82583MWh_Jan2021_to_August2021.pdf","bafkreigezmnznzlzekq3bnhmy6miqna3ek4lbsny67egmgjrb7enitblym","CN_IREC_82583MWh_Jan2021_to_August2021_certificate_3","bafyreibegeih4h77vlrxtbozfbvyu64kqgqoxago5kxatzqils45kimd74","2021-08-01",8,"2021-08-31",8,"3Degrees Group, Inc","235 Montgomery St Suite 320 CA94104 San Francisco US","CN",,7111000000,"Jilin Xiangyang 1st phase Wind Power Project","IREC","","WIND","2021-08-01",8,"2021-08-31",8
"20211115_3D_PL_transaction_1_attestation_4","CN_IREC_82583MWh_Jan2021_to_August2021.pdf","bafkreigezmnznzlzekq3bnhmy6miqna3ek4lbsny67egmgjrb7enitblym","CN_IREC_82583MWh_Jan2021_to_August2021_certificate_4","bafyreid5xhdfklbrcpiixsmlc3orrqybhdmnlp646wawifh7hcuyvvyllu","2021-02-01",8,"2021-02-28",8,"3Degrees Group, Inc","235 Montgomery St Suite 320 CA94104 San Francisco US","CN",,10000000000,"Jilin Xiangyang 1st phase Wind Power Project","IREC","","WIND","2021-02-01",8,"2021-02-28",8
"20211115_3D_PL_transaction_1_attestation_4","CN_IREC_82583MWh_Jan2021_to_August2021.pdf","bafkreigezmnznzlzekq3bnhmy6miqna3ek4lbsny67egmgjrb7enitblym","CN_IREC_82583MWh_Jan2021_to_August2021_certificate_5","bafyreifpboqu3ciyn5jonwvytdcxvlmt4mut3ss3ifhg7h7pokjlgn5o2y","2021-03-01",8,"2021-03-31",8,"3Degrees Group, Inc","235 Montgomery St Suite 320 CA94104 San Francisco US","CN",,11000000000,"Jilin Xiangyang 1st phase Wind Power Project","IREC","","WIND","2021-03-01",8,"2021-03-31",8
"20211115_3D_PL_transaction_1_attestation_4","CN_IREC_82583MWh_Jan2021_to_August2021.pdf","bafkreigezmnznzlzekq3bnhmy6miqna3ek4lbsny67egmgjrb7enitblym","CN_IREC_82583MWh_Jan2021_to_August2021_certificate_6","bafyreieccfpzabh3rnzj246fxbnubuffelwj4qbuvzoiskasqhim5hvx4q","2021-04-01",8,"2021-04-30",8,"3Degrees Group, Inc","235 Montgomery St Suite 320 CA94104 San Francisco US","CN",,11000000000,"Jilin Xiangyang 1st phase Wind Power Project","IREC","","WIND","2021-04-01",8,"2021-04-30",8
"20211115_3D_PL_transaction_1_attestation_4","CN_IREC_82583MWh_Jan2021_to_August2021.pdf","bafkreigezmnznzlzekq3bnhmy6miqna3ek4lbsny67egmgjrb7enitblym","CN_IREC_82583MWh_Jan2021_to_August2021_certificate_7","bafyreielpucuda5epj3alofp36k7dvifhsuqpdtlu3gfvkrylffr6mq6ri","2021-06-01",8,"2021-06-30",8,"3Degrees Group, Inc","235 Montgomery St Suite 320 CA94104 San Francisco US","CN",,7000000000,"Jilin Xiangyang 1st phase Wind Power Project","IREC","","WIND","2021-06-01",8,"2021-06-30",8
"20211115_3D_PL_transaction_1_attestation_4","CN_IREC_82583MWh_Jan2021_to_August2021.pdf","bafkreigezmnznzlzekq3bnhmy6miqna3ek4lbsny67egmgjrb7enitblym","CN_IREC_82583MWh_Jan2021_to_August2021_certificate_8","bafyreifxz27x2eotnmdctxlzfn34xmdb4yddcdigmnhrxo3qllsaws7d2y","2021-04-01",8,"2021-04-30",8,"3Degrees Group, Inc","235 Montgomery St Suite 320 CA94104 San Francisco US","CN",,330000000,"Xingshan Windfarm","IREC","","WIND","2021-04-01",8,"2021-04-30",8
"20211115_3D_PL_transaction_1_attestation_4","CN_IREC_82583MWh_Jan2021_to_August2021.pdf","bafkreigezmnznzlzekq3bnhmy6miqna3ek4lbsny67egmgjrb7enitblym","CN_IREC_82583MWh_Jan2021_to_August2021_certificate_9","bafyreiaqfhjvxtun2bzilhaqe2xlt4ka47nrsyguh4cmg2ewugyllxrphu","2021-06-01",8,"2021-06-30",8,"3Degrees Group, Inc","235 Montgomery St Suite 320 CA94104 San Francisco US","CN",,336000000,"Jingneng Saihan Wind Farm Phase III 49.5MW Project","IREC","","WIND","2021-06-01",8,"2021-06-30",8
"20211115_3D_PL_transaction_1_attestation_4","CN_IREC_82583MWh_Jan2021_to_August2021.pdf","bafkreigezmnznzlzekq3bnhmy6miqna3ek4lbsny67egmgjrb7enitblym","CN_IREC_82583MWh_Jan2021_to_August2021_certificate_10","bafyreic7eevvkwlsl6tbwp3xz65ca5k7es5g6ep5eomb66u2qotwtiykp4","2021-01-01",8,"2021-03-31",8,"3Degrees Group, Inc","235 Montgomery St Suite 320 CA94104 San Francisco US","CN",,10972000000,"Jingneng Saihan Wind Farm Phase III 49.5MW Project","IREC","","WIND","2021-01-01",8,"2021-03-31",8
"20211115_3D_PL_transaction_1_attestation_4","CN_IREC_82583MWh_Jan2021_to_August2021.pdf","bafkreigezmnznzlzekq3bnhmy6miqna3ek4lbsny67egmgjrb7enitblym","CN_IREC_82583MWh_Jan2021_to_August2021_certificate_11","bafyreifyqgct72m6o5xvpjotvxypynyo6dleppzx3zotnbv2btqh6rz5la","2021-01-01",8,"2021-01-31",8,"3Degrees Group, Inc","235 Montgomery St Suite 320 CA94104 San Francisco US","CN",,6000000000,"Zhangbei Daxishan (Huashuling) Wind Farm Project ","IREC","","WIND","2021-01-01",8,"2021-01-31",8
"20211115_3D_PL_transaction_1_attestation_5","GO_Cancellation_ProtocolLabs-Miner ID f01234_2021_Belgium_162.pdf","bafkreibqqorigtl6kij45gg5cx4guozmjnfbjoswruvjc43qiyo7dj2n6y","GO_Cancellation_ProtocolLabs-Miner ID f01234_2021_Belgium_162_certificate_1","bafyreigbpcq7tjofrlsknt52c4vff5zzv6z4e244ws7q2ztaopmowueipu","2021-01-31",1,"2021-01-31",1,"3Degrees Group, Inc","235 Montgomery St Suite 320 CA94104 San Francisco US","BE",,8000000,,"GO","","WIND","2021-01-31",1,"2021-01-31",1
"20211115_3D_PL_transaction_1_attestation_5","GO_Cancellation_ProtocolLabs-Miner ID f01234_2021_Belgium_162.pdf","bafkreibqqorigtl6kij45gg5cx4guozmjnfbjoswruvjc43qiyo7dj2n6y","GO_Cancellation_ProtocolLabs-Miner ID f01234_2021_Belgium_162_certificate_2","bafyreiatdnhn2iqfbiol6oowja7lh3vj32nc4yucradjl5sshz4l355l4u","2021-02-28",1,"2021-02-28",1,"3Degrees Group, Inc","235 Montgomery St Suite 320 CA94104 San Francisco US","BE",,12000000,,"GO","","WIND","2021-02-28",1,"2021-02-28",1
"20211115_3D_PL_transaction_1_attestation_5","GO_Cancellation_ProtocolLabs-Miner ID f01234_2021_Belgium_162.pdf","bafkreibqqorigtl6kij45gg5cx4guozmjnfbjoswruvjc43qiyo7dj2n6y","GO_Cancellation_ProtocolLabs-Miner ID f01234_2021_Belgium_162_certificate_3","bafyreieqe6u2p5y47z2hakhelvadsc34ibvgsmovpc6cmbungewq2grsde","2021-03-31",2,"2021-03-31",2,"3Degrees Group, Inc","235 Montgomery St Suite 320 CA94104 San Francisco US","BE",,20000000,,"GO","","WIND","2021-03-31",2,"2021-03-31",2
"20211115_3D_PL_transaction_1_attestation_5","GO_Cancellation_ProtocolLabs-Miner ID f01234_2021_Belgium_162.pdf","bafkreibqqorigtl6kij45gg5cx4guozmjnfbjoswruvjc43qiyo7dj2n6y","GO_Cancellation_ProtocolLabs-Miner ID f01234_2021_Belgium_162_certificate_4","bafyreiglnuyrhrx262rqj2cleaaubhufgpqgra5yqip4kx74qquxxakf34","2021-07-31",2,"2021-07-31",2,"3Degrees Group, Inc","235 Montgomery St Suite 320 CA94104 San Francisco US","BE",,32000000,,"GO","","WIND","2021-07-31",2,"2021-07-31",2
"20211115_3D_PL_transaction_1_attestation_5","GO_Cancellation_ProtocolLabs-Miner ID f01234_2021_Belgium_162.pdf","bafkreibqqorigtl6kij45gg5cx4guozmjnfbjoswruvjc43qiyo7dj2n6y","GO_Cancellation_ProtocolLabs-Miner ID f01234_2021_Belgium_162_certificate_5","bafyreiapmn63laonumw25mlprnkxfoahaas2svtd4vdpckh4fjgowrkmea","2021-04-30",2,"2021-04-30",2,"3Degrees Group, Inc","235 Montgomery St Suite 320 CA94104 San Francisco US","BE",,15000000,,"GO","","WIND","2021-04-30",2,"2021-04-30",2
"20211115_3D_PL_transaction_1_attestation_5","GO_Cancellation_ProtocolLabs-Miner ID f01234_2021_Belgium_162.pdf","bafkreibqqorigtl6kij45gg5cx4guozmjnfbjoswruvjc43qiyo7dj2n6y","GO_Cancellation_ProtocolLabs-Miner ID f01234_2021_Belgium_162_certificate_6","bafyreiacsksqq736v6a6obvft6vfznm2ifw7dptan7rvpileayts65shma","2021-05-31",2,"2021-05-31",2,"3Degrees Group, Inc","235 Montgomery St Suite 320 CA94104 San Francisco US","BE",,26000000,,"GO","","WIND","2021-05-31",2,"2021-05-31",2
"20211115_3D_PL_transaction_1_attestation_5","GO_Cancellation_ProtocolLabs-Miner ID f01234_2021_Belgium_162.pdf","bafkreibqqorigtl6kij45gg5cx4guozmjnfbjoswruvjc43qiyo7dj2n6y","GO_Cancellation_ProtocolLabs-Miner ID f01234_2021_Belgium_162_certificate_7","bafyreihgqftsinbd4myskekmton7gfgvp7acsdnlykmcykueqrbyqeqgda","2021-06-30",2,"2021-06-30",2,"3Degrees Group, Inc","235 Montgomery St Suite 320 CA94104 San Francisco US","BE",,18000000,,"GO","","WIND","2021-06-30",2,"2021-06-30",2
"20211115_3D_PL_transaction_1_attestation_5","GO_Cancellation_ProtocolLabs-Miner ID f01234_2021_Belgium_162.pdf","bafkreibqqorigtl6kij45gg5cx4guozmjnfbjoswruvjc43qiyo7dj2n6y","GO_Cancellation_ProtocolLabs-Miner ID f01234_2021_Belgium_162_certificate_8","bafyreigknek5h6jhdo7lxzd25edmcgy3mcjvdu37bhgedzwon265ijgiuq","2021-08-31",2,"2021-08-31",2,"3Degrees Group, Inc","235 Montgomery St Suite 320 CA94104 San Francisco US","BE",,31000000,,"GO","","WIND","2021-08-31",2,"2021-08-31",2
"20211115_3D_PL_transaction_1_attestation_6","GO_Cancellation_ProtocolLabs-Miner ID f02576_2021_Denmark_3.pdf","bafkreif5molfuvq2illmnaeate7b26iaimc72ji56glpey5orxf4ei62nq","GO_Cancellation_ProtocolLabs-Miner ID f02576_2021_Denmark_3_certificate_1","bafyreibohwjyadvbxk4gx6dk5yxtwr6kqcz53vjtj5x3uwgrelze5gwfs4","2021-01-01",2,"2021-12-31",2,"3Degrees Group, Inc","235 Montgomery St Suite 320 CA94104 San Francisco US","DK",,3000000,,"GO","","HYDRO","2021-07-01",2,"2021-07-31",2
"20211115_3D_PL_transaction_1_attestation_7","GO_Cancellation_ProtocolLabs-Miner ID f02576_2021_Denmark_35.pdf","bafkreia22hex3hcdtu2m3sqhtjjjervydalwpqfqsxq7gmla3apilqvhti","GO_Cancellation_ProtocolLabs-Miner ID f02576_2021_Denmark_35_certificate_1","bafyreiass42ts664pccuxnaabwnqds3mgllj3qfqinmlkob7gch372rmj4","2021-01-01",1,"2021-01-31",1,"3Degrees Group, Inc","235 Montgomery St Suite 320 CA94104 San Francisco US","DK",,16000000,"2730 Herlev, DK","GO","","WIND","2021-01-01",1,"2021-01-31",1
"20211115_3D_PL_transaction_1_attestation_7","GO_Cancellation_ProtocolLabs-Miner ID f02576_2021_Denmark_35.pdf","bafkreia22hex3hcdtu2m3sqhtjjjervydalwpqfqsxq7gmla3apilqvhti","GO_Cancellation_ProtocolLabs-Miner ID f02576_2021_Denmark_35_certificate_2","bafyreibgw7ish7vgmmzawu7di5m2mf2imf5tbre25pjzlqw2vv7wqyyz6q","2021-02-01",1,"2021-02-28",1,"3Degrees Group, Inc","235 Montgomery St Suite 320 CA94104 San Francisco US","DK",,3000000,"2730 Herlev, DK","GO","","WIND","2021-02-01",1,"2021-02-28",1
"20211115_3D_PL_transaction_1_attestation_7","GO_Cancellation_ProtocolLabs-Miner ID f02576_2021_Denmark_35.pdf","bafkreia22hex3hcdtu2m3sqhtjjjervydalwpqfqsxq7gmla3apilqvhti","GO_Cancellation_ProtocolLabs-Miner ID f02576_2021_Denmark_35_certificate_3","bafyreidyhmzmn2kohtc2r42h44cwtopwo3kmrlvnqc2znfv7de7dn53el4","2021-03-01",2,"2021-03-31",2,"3Degrees Group, Inc","235 Montgomery St Suite 320 CA94104 San Francisco US","DK",,5000000,"2730 Herlev, DK","GO","","WIND","2021-03-01",2,"2021-03-31",2
"20211115_3D_PL_transaction_1_attestation_7","GO_Cancellation_ProtocolLabs-Miner ID f02576_2021_Denmark_35.pdf","bafkreia22hex3hcdtu2m3sqhtjjjervydalwpqfqsxq7gmla3apilqvhti","GO_Cancellation_ProtocolLabs-Miner ID f02576_2021_Denmark_35_certificate_4","bafyreibfuuwgfb2wogbevxntvtmvivdv2ukl4bkfhoiaczq3iitjunt3m4","2021-04-01",2,"2021-04-30",2,"3Degrees Group, Inc","235 Montgomery St Suite 320 CA94104 San Francisco US","DK",,4000000,"2730 Herlev, DK","GO","","WIND","2021-04-01",2,"2021-04-30",2
"20211115_3D_PL_transaction_1_attestation_7","GO_Cancellation_ProtocolLabs-Miner ID f02576_2021_Denmark_35.pdf","bafkreia22hex3hcdtu2m3sqhtjjjervydalwpqfqsxq7gmla3apilqvhti","GO_Cancellation_ProtocolLabs-Miner ID f02576_2021_Denmark_35_certificate_5","bafyreieqyiksvuahywetjkgykbzvgybpqd4mnvyraws4hlwnc666ey3phu","2021-05-01",2,"2021-05-31",2,"3Degrees Group, Inc","235 Montgomery St Suite 320 CA94104 San Francisco US","DK",,3000000,"2730 Herlev, DK","GO","","WIND","2021-05-01",2,"2021-05-31",2
"20211115_3D_PL_transaction_1_attestation_7","GO_Cancellation_ProtocolLabs-Miner ID f02576_2021_Denmark_35.pdf","bafkreia22hex3hcdtu2m3sqhtjjjervydalwpqfqsxq7gmla3apilqvhti","GO_Cancellation_ProtocolLabs-Miner ID f02576_2021_Denmark_35_certificate_6","bafyreig4guuxfceq5amfoddidcgponzdwcqpgzu7fcrhrywqhwi3xh5scm","2021-06-01",2,"2021-06-30",2,"3Degrees Group, Inc","235 Montgomery St Suite 320 CA94104 San Francisco US","DK",,4000000,"2730 Herlev, DK","GO","","WIND","2021-06-01",2,"2021-06-30",2
"20211115_3D_PL_transaction_1_attestation_8","GO_Cancellation_ProtocolLabs-Miner ID f02576_2021_Denmark_4.pdf","bafkreidr7w477v7ui454mdxgtjm3kro5qa4nzxlsj3jjf3exrt7mo5cobu","GO_Cancellation_ProtocolLabs-Miner ID f02576_2021_Denmark_4_certificate_1","bafyreigv22s6nr3oppwzwgkectat7hhtuornvgtmmghhht4qdreysr3vkq","2021-01-01",2,"2021-12-31",2,"3Degrees Group, Inc","235 Montgomery St Suite 320 CA94104 San Francisco US","DK",,4000000,,"GO","","HYDRO","2021-08-01",2,"2021-08-31",2
"20211115_3D_PL_transaction_1_attestation_9","GO_Cancellation_ProtocolLabs-Miner ID f0720636_2021_Belgium_263.pdf","bafkreihz5h3vetsokjfj6baiiv5prvhqa6zfwklt6wk4lys5hferslaxki","GO_Cancellation_ProtocolLabs-Miner ID f0720636_2021_Belgium_263_certificate_1","bafyreihtdo5pywqbmugwuc5yaubycnq74kug7x23qzp2wc6c656ekgyexi","2021-07-01",2,"2021-07-31",2,"3Degrees Group, Inc","235 Montgomery St Suite 320 CA94104 San Francisco US","BE",,102000000,,"GO","","WIND","2021-07-01",2,"2021-07-31",2
"20211115_3D_PL_transaction_1_attestation_9","GO_Cancellation_ProtocolLabs-Miner ID f0720636_2021_Belgium_263.pdf","bafkreihz5h3vetsokjfj6baiiv5prvhqa6zfwklt6wk4lys5hferslaxki","GO_Cancellation_ProtocolLabs-Miner ID f0720636_2021_Belgium_263_certificate_2","bafyreib6qgzrvc7tzzya7epvwm3sq3o4ic2it7ej4v3eo5autm343vjvp4","2021-04-01",2,"2021-04-30",2,"3Degrees Group, Inc","235 Montgomery St Suite 320 CA94104 San Francisco US","BE",,1000000,,"GO","","WIND","2021-04-01",2,"2021-04-30",2
"20211115_3D_PL_transaction_1_attestation_9","GO_Cancellation_ProtocolLabs-Miner ID f0720636_2021_Belgium_263.pdf","bafkreihz5h3vetsokjfj6baiiv5prvhqa6zfwklt6wk4lys5hferslaxki","GO_Cancellation_ProtocolLabs-Miner ID f0720636_2021_Belgium_263_certificate_3","bafyreiej24lhnjymresu457jt6ow5wy2dfvasyzl7vd3zi4ixta2tnflei","2021-05-01",2,"2021-05-31",2,"3Degrees Group, Inc","235 Montgomery St Suite 320 CA94104 San Francisco US","BE",,24000000,,"GO","","WIND","2021-05-01",2,"2021-05-31",2
"20211115_3D_PL_transaction_1_attestation_9","GO_Cancellation_ProtocolLabs-Miner ID f0720636_2021_Belgium_263.pdf","bafkreihz5h3vetsokjfj6baiiv5prvhqa6zfwklt6wk4lys5hferslaxki","GO_Cancellation_ProtocolLabs-Miner ID f0720636_2021_Belgium_263_certificate_4","bafyreialfo7zzj2cdp7uvywip6x2vb4ndtkj7mci5qhihpodu6aafyj6mi","2021-06-01",2,"2021-06-30",2,"3Degrees Group, Inc","235 Montgomery St Suite 320 CA94104 San Francisco US","BE",,46000000,,"GO","","WIND","2021-06-01",2,"2021-06-30",2
"20211115_3D_PL_transaction_1_attestation_9","GO_Cancellation_ProtocolLabs-Miner ID f0720636_2021_Belgium_263.pdf","bafkreihz5h3vetsokjfj6baiiv5prvhqa6zfwklt6wk4lys5hferslaxki","GO_Cancellation_ProtocolLabs-Miner ID f0720636_2021_Belgium_263_certificate_5","bafyreiaagrqswkfjhf2zd33r2vjq5llvgp3lq7qvtcu5qlrb2rg6lxtsoy","2021-08-01",2,"2021-08-31",2,"3Degrees Group, Inc","235 Montgomery St Suite 320 CA94104 San Francisco US","BE",,90000000,,"GO","","WIND","2021-08-01",2,"2021-08-31",2
"20211115_3D_PL_transaction_1_attestation_10","US_GreenE_15MWh_Jan_to_August_2021.pdf","bafybeignq7j4fvfq6e4xgpdmvf7lbs4atnbf6pxwwtbmmh2j4ea57tdtse","US_GreenE_15MWh_Jan_to_August_2021_certificate_1","bafyreicg7ftmkgx3vmswjlx2jf3qaeghoscl3xmpknmrfqzhob4cjbdkca","2020-09-01",-9,"2020-09-30",-9,"3Degrees Group, Inc","235 Montgomery St Suite 320 CA94104 San Francisco US","US","RFC",1000000,"Brook View Dairy 1","REC","GREEN_E_ENERGY","BIOGAS","2020-09-01",-9,"2020-09-30",-9
"20211115_3D_PL_transaction_1_attestation_10","US_GreenE_15MWh_Jan_to_August_2021.pdf","bafybeignq7j4fvfq6e4xgpdmvf7lbs4atnbf6pxwwtbmmh2j4ea57tdtse","US_GreenE_15MWh_Jan_to_August_2021_certificate_2","bafyreia3svbkfoau7leovc7wrrqh2uvf5bl23pst6pcngljshvf726ps4u","2020-10-01",-9,"2020-10-31",-9,"3Degrees Group, Inc","235 Montgomery St Suite 320 CA94104 San Francisco US","US","RFC",1000000,"Milford Raman Solar, LLC","REC","GREEN_E_ENERGY","SOLAR","2020-10-01",-9,"2020-10-31",-9
"20211115_3D_PL_transaction_1_attestation_10","US_GreenE_15MWh_Jan_to_August_2021.pdf","bafybeignq7j4fvfq6e4xgpdmvf7lbs4atnbf6pxwwtbmmh2j4ea57tdtse","US_GreenE_15MWh_Jan_to_August_2021_certificate_3","bafyreicznuyhlx5d37nuz2cnhyavtbxoo6tqzkdksdp62ui5hblc7l7m4u","2020-11-01",-10,"2020-11-30",-10,"3Degrees Group, Inc","235 Montgomery St Suite 320 CA94104 San Francisco US","US","RFC",1000000,"Rosewater Wind Project","REC","GREEN_E_ENERGY","WIND","2020-11-01",-10,"2020-11-30",-10
"20211115_3D_PL_transaction_1_attestation_10","US_GreenE_15MWh_Jan_to_August_2021.pdf","bafybeignq7j4fvfq6e4xgpdmvf7lbs4atnbf6pxwwtbmmh2j4ea57tdtse","US_GreenE_15MWh_Jan_to_August_2021_certificate_4","bafyreieope4utbt3w34hstsohubzfwun7r7d2jyevveddf2qx4bag2p6se","2020-12-01",-10,"2020-12-31",-10,"3Degrees Group, Inc","235 Montgomery St Suite 320 CA94104 San Francisco US","US","RFC",1000000,"Rosewater Wind Project","REC","GREEN_E_ENERGY","WIND","2020-12-01",-10,"2020-12-31",-10
"20211115_3D_PL_transaction_1_attestation_10","US_GreenE_15MWh_Jan_to_August_2021.pdf","bafybeignq7j4fvfq6e4xgpdmvf7lbs4atnbf6pxwwtbmmh2j4ea57tdtse","US_GreenE_15MWh_Jan_to_August_2021_certificate_5","bafyreidor7nhpwddmgdm65pfh55dovovej3whficifhacw5zbz5rf5sade","2021-01-01",-10,"2021-01-31",-10,"3Degrees Group, Inc","235 Montgomery St Suite 320 CA94104 San Francisco US","US","RFC",2000000,"Big Turtle Wind Farm Two","REC","GREEN_E_ENERGY","WIND","2021-01-01",-10,"2021-01-31",-10
"20211115_3D_PL_transaction_1_attestation_10","US_GreenE_15MWh_Jan_to_August_2021.pdf","bafybeignq7j4fvfq6e4xgpdmvf7lbs4atnbf6pxwwtbmmh2j4ea57tdtse","US_GreenE_15MWh_Jan_to_August_2021_certificate_6","bafyreia5txbpkco6vtusylayxy6jkeed4i4aawo2pwyi33ap25nxfgpvwi","2021-02-01",-10,"2021-02-28",-10,"3Degrees Group, Inc","235 Montgomery St Suite 320 CA94104 San Francisco US","US","RFC",1000000,"Big Turtle Wind Farm Two","REC","GREEN_E_ENERGY","WIND","2021-02-01",-10,"2021-02-28",-10
"20211115_3D_PL_transaction_1_attestation_10","US_GreenE_15MWh_Jan_to_August_2021.pdf","bafybeignq7j4fvfq6e4xgpdmvf7lbs4atnbf6pxwwtbmmh2j4ea57tdtse","US_GreenE_15MWh_Jan_to_August_2021_certificate_7","bafyreicr3aroyknzgyop4o4gcsr7eehmpr76kfeyltwp4wil6o5mie6ply","2021-03-01",-9,"2021-03-31",-9,"3Degrees Group, Inc","235 Montgomery St Suite 320 CA94104 San Francisco US","US","RFC",1000000,"1AU, LLC","REC","GREEN_E_ENERGY","SOLAR","2021-03-01",-9,"2021-03-31",-9
"20211115_3D_PL_transaction_1_attestation_10","US_GreenE_15MWh_Jan_to_August_2021.pdf","bafybeignq7j4fvfq6e4xgpdmvf7lbs4atnbf6pxwwtbmmh2j4ea57tdtse","US_GreenE_15MWh_Jan_to_August_2021_certificate_8","bafyreiecst6qnhfkfux6ahi5unksa4oaf4r7dhecjpb2dzjojbwiutvs2e","2021-04-01",-9,"2021-04-30",-9,"3Degrees Group, Inc","235 Montgomery St Suite 320 CA94104 San Francisco US","US","RFC",2000000,"Jordan Creek Wind Farm","REC","GREEN_E_ENERGY","WIND","2021-04-01",-9,"2021-04-30",-9
"20211115_3D_PL_transaction_1_attestation_10","US_GreenE_15MWh_Jan_to_August_2021.pdf","bafybeignq7j4fvfq6e4xgpdmvf7lbs4atnbf6pxwwtbmmh2j4ea57tdtse","US_GreenE_15MWh_Jan_to_August_2021_certificate_9","bafyreicfjorvwfexx7szwnhml54t2yqizj4ul6zpgwxvh6jl2frnlxj6bu","2021-05-01",-9,"2021-05-31",-9,"3Degrees Group, Inc","235 Montgomery St Suite 320 CA94104 San Francisco US","US","RFC",1000000,"Big Turtle Wind Farm Two","REC","GREEN_E_ENERGY","WIND","2021-05-01",-9,"2021-05-31",-9
"20211115_3D_PL_transaction_1_attestation_10","US_GreenE_15MWh_Jan_to_August_2021.pdf","bafybeignq7j4fvfq6e4xgpdmvf7lbs4atnbf6pxwwtbmmh2j4ea57tdtse","US_GreenE_15MWh_Jan_to_August_2021_certificate_10","bafyreidm6f5bke5ccdggpz3sgdexaa2d3qi5qh3i5wf6n5odxp6xbqwzma","2021-06-01",-9,"2021-06-30",-9,"3Degrees Group, Inc","235 Montgomery St Suite 320 CA94104 San Francisco US","US","RFC",2000000,"Big Turtle Wind Farm Two","REC","GREEN_E_ENERGY","WIND","2021-06-01",-9,"2021-06-30",-9
"20211115_3D_PL_transaction_1_attestation_10","US_GreenE_15MWh_Jan_to_August_2021.pdf","bafybeignq7j4fvfq6e4xgpdmvf7lbs4atnbf6pxwwtbmmh2j4ea57tdtse","US_GreenE_15MWh_Jan_to_August_2021_certificate_11","bafyreif7one2t7i3jvlpf65tog7k3kzw6xjnhicszcpisenkqfcgabnwtm","2021-07-01",-9,"2021-07-31",-9,"3Degrees Group, Inc","235 Montgomery St Suite 320 CA94104 San Francisco US","US","RFC",1000000,"Rosewater Wind Project","REC","GREEN_E_ENERGY","WIND","2021-07-01",-9,"2021-07-31",-9
"20211115_3D_PL_transaction_1_attestation_10","US_GreenE_15MWh_Jan_to_August_2021.pdf","bafybeignq7j4fvfq6e4xgpdmvf7lbs4atnbf6pxwwtbmmh2j4ea57tdtse","US_GreenE_15MWh_Jan_to_August_2021_certificate_12","bafyreibi7a2t6iog5noboreg6ectgpdlbj6ok7fcwvbq65v2o2qbqwo5ti","2021-08-01",-9,"2021-08-31",-9,"3Degrees Group, Inc","235 Montgomery St Suite 320 CA94104 San Francisco US","US","RFC",1000000,"Big Turtle Wind Farm Two","REC","GREEN_E_ENERGY","WIND","2021-08-01",-9,"2021-08-31",-9
"20211115_3D_PL_transaction_1_attestation_11","US_GreenE_22MWh_July2021_to_Aug2021.pdf","bafkreib4dtanmi4z23xparslzellnh5uo56cad4hpcl347w2ncqlgs56bq","US_GreenE_22MWh_July2021_to_Aug2021_certificate_1","bafyreihli77u3mauv4qkh7tvbhjut422xw4m3au3yyrz7nduka4oy727qi","2021-07-01",-9,"2021-07-31",-9,"3Degrees Group, Inc","235 Montgomery St Suite 320 CA94104 San Francisco US","US","NPCC",11000000,,"REC","GREEN_E_ENERGY","SOLAR","2021-07-01",-9,"2021-07-31",-9
"20211115_3D_PL_transaction_1_attestation_11","US_GreenE_22MWh_July2021_to_Aug2021.pdf","bafkreib4dtanmi4z23xparslzellnh5uo56cad4hpcl347w2ncqlgs56bq","US_GreenE_22MWh_July2021_to_Aug2021_certificate_2","bafyreiax7f46zkvyr25d2cgzw652hzxmoxq25usp6sphsl3rcabapm5w74","2021-08-01",-9,"2021-08-31",-9,"3Degrees Group, Inc","235 Montgomery St Suite 320 CA94104 San Francisco US","US","NPCC",11000000,,"REC","GREEN_E_ENERGY","SOLAR","2021-08-01",-9,"2021-08-31",-9
"20211115_3D_PL_transaction_1_attestation_12","US_GreenE_28MWh_Nov2020_to_June2021.pdf","bafybeiatsu7mvz32ftgkhsd7ywisg3hntqfss5gomzhpgdvz4hhafxee4u","US_GreenE_28MWh_Nov2020_to_June2021_certificate_1","bafyreibmymjnrgx6esaap26mp6ds64cmb47j25wrxuc5lp22vrvlzsgeji","2020-11-01",-10,"2020-11-30",-10,"3Degrees Group, Inc","235 Montgomery St Suite 320 CA94104 San Francisco US","US","NPCC",6000000,"Cohocton Wind Project (Candigu)","REC","GREEN_E_ENERGY","WIND","2020-11-01",-10,"2020-11-30",-10
"20211115_3D_PL_transaction_1_attestation_12","US_GreenE_28MWh_Nov2020_to_June2021.pdf","bafybeiatsu7mvz32ftgkhsd7ywisg3hntqfss5gomzhpgdvz4hhafxee4u","US_GreenE_28MWh_Nov2020_to_June2021_certificate_2","bafyreiggkwtixqxibith6bkw3ifdsuxexcltytbwfib3olgdwth4fqmgaa","2020-11-01",-10,"2020-11-30",-10,"3Degrees Group, Inc","235 Montgomery St Suite 320 CA94104 San Francisco US","US","NPCC",1000000,"STEEL - STEEL___WIND","REC","GREEN_E_ENERGY","WIND","2020-11-01",-10,"2020-11-30",-10
"20211115_3D_PL_transaction_1_attestation_12","US_GreenE_28MWh_Nov2020_to_June2021.pdf","bafybeiatsu7mvz32ftgkhsd7ywisg3hntqfss5gomzhpgdvz4hhafxee4u","US_GreenE_28MWh_Nov2020_to_June2021_certificate_3","bafyreielge2k6dx7up4crlgvb6kyserlqzdbk5khrljv2l2jiob6derulu","2021-04-01",-9,"2021-04-30",-9,"3Degrees Group, Inc","235 Montgomery St Suite 320 CA94104 San Francisco US","US","NPCC",2000000,"Caribou Solar LLC","REC","GREEN_E_ENERGY","SOLAR","2021-04-01",-9,"2021-04-30",-9
"20211115_3D_PL_transaction_1_attestation_12","US_GreenE_28MWh_Nov2020_to_June2021.pdf","bafybeiatsu7mvz32ftgkhsd7ywisg3hntqfss5gomzhpgdvz4hhafxee4u","US_GreenE_28MWh_Nov2020_to_June2021_certificate_4","bafyreicie3gdaeb6acoztbmouydz4f4v3immjslffdh6n7m4wcbcmcjide","2021-05-01",-9,"2021-05-31",-9,"3Degrees Group, Inc","235 Montgomery St Suite 320 CA94104 San Francisco US","US","NPCC",9000000,"Caribou Solar LLC","REC","GREEN_E_ENERGY","SOLAR","2021-05-01",-9,"2021-05-31",-9
"20211115_3D_PL_transaction_1_attestation_12","US_GreenE_28MWh_Nov2020_to_June2021.pdf","bafybeiatsu7mvz32ftgkhsd7ywisg3hntqfss5gomzhpgdvz4hhafxee4u","US_GreenE_28MWh_Nov2020_to_June2021_certificate_5","bafyreihu4psup7yapigw4ugnhmgpb5xtdc7rnob6f2wt54mywv3iiihfpa","2021-06-01",-9,"2021-06-30",-9,"3Degrees Group, Inc","235 Montgomery St Suite 320 CA94104 San Francisco US","US","NPCC",10000000,"Caribou Solar LLC","REC","GREEN_E_ENERGY","SOLAR","2021-06-01",-9,"2021-06-30",-9
"20211115_3D_PL_transaction_1_attestation_13","US_GreenE_563MWh_Jan_to_August_2021.pdf","bafybeihhyushebp7oscpimhsef3655pzch66t6wnqxixgj6vz7qtaupkzy","US_GreenE_563MWh_Jan_to_August_2021_certificate_1","bafyreig3m3anozq6e5cbmmhi57o4mqyn5jwx7tume3u7tnog4qhburl6ki","2021-01-01",-10,"2021-01-31",-10,"3Degrees Group, Inc","235 Montgomery St Suite 320 CA94104 San Francisco US","US","WECC",22000000,"Meridian Vineyards - Meridian Red Tank RT PV1","REC","GREEN_E_ENERGY","SOLAR","2021-01-01",-10,"2021-01-31",-10
"20211115_3D_PL_transaction_1_attestation_13","US_GreenE_563MWh_Jan_to_August_2021.pdf","bafybeihhyushebp7oscpimhsef3655pzch66t6wnqxixgj6vz7qtaupkzy","US_GreenE_563MWh_Jan_to_August_2021_certificate_2","bafyreifdn7bsgjmygcjlrnhct2eqhv7k3odhjqtrx4ww6sfpfom463fvaq","2021-01-01",-10,"2021-01-31",-10,"3Degrees Group, Inc","235 Montgomery St Suite 320 CA94104 San Francisco US","US","WECC",32000000,"Milpitas High School Solar","REC","GREEN_E_ENERGY","SOLAR","2021-01-01",-10,"2021-01-31",-10
"20211115_3D_PL_transaction_1_attestation_13","US_GreenE_563MWh_Jan_to_August_2021.pdf","bafybeihhyushebp7oscpimhsef3655pzch66t6wnqxixgj6vz7qtaupkzy","US_GreenE_563MWh_Jan_to_August_2021_certificate_3","bafyreigb4nmnrdd4q6thdw7tl6jo6mroevufvewmuexdkky7zrtbgwsnda","2021-01-01",-10,"2021-01-31",-10,"3Degrees Group, Inc","235 Montgomery St Suite 320 CA94104 San Francisco US","US","WECC",11000000,"William Burnett Elementary","REC","GREEN_E_ENERGY","SOLAR","2021-01-01",-10,"2021-01-31",-10
"20211115_3D_PL_transaction_1_attestation_13","US_GreenE_563MWh_Jan_to_August_2021.pdf","bafybeihhyushebp7oscpimhsef3655pzch66t6wnqxixgj6vz7qtaupkzy","US_GreenE_563MWh_Jan_to_August_2021_certificate_4","bafyreid4zd7z3pdqkwn6mixhjqs2luhmci63wpks77foczhkgzlf4m4dhi","2021-02-01",-10,"2021-02-28",-10,"3Degrees Group, Inc","235 Montgomery St Suite 320 CA94104 San Francisco US","US","WECC",25000000,"GLT Laguna Solar - San Luis Obispo - Laguna Middle","REC","GREEN_E_ENERGY","SOLAR","2021-02-01",-10,"2021-02-28",-10
"20211115_3D_PL_transaction_1_attestation_13","US_GreenE_563MWh_Jan_to_August_2021.pdf","bafybeihhyushebp7oscpimhsef3655pzch66t6wnqxixgj6vz7qtaupkzy","US_GreenE_563MWh_Jan_to_August_2021_certificate_5","bafyreidtwvn3dlpdogw3a3h2sbbm7ugdkb2twck65phjt75rlv67aa6yi4","2021-02-01",-10,"2021-02-28",-10,"3Degrees Group, Inc","235 Montgomery St Suite 320 CA94104 San Francisco US","US","WECC",20000000,"GLT Los Osos Solar - San Luis Obispo - Los Osos Middle","REC","GREEN_E_ENERGY","SOLAR","2021-02-01",-10,"2021-02-28",-10
"20211115_3D_PL_transaction_1_attestation_13","US_GreenE_563MWh_Jan_to_August_2021.pdf","bafybeihhyushebp7oscpimhsef3655pzch66t6wnqxixgj6vz7qtaupkzy","US_GreenE_563MWh_Jan_to_August_2021_certificate_6","bafyreiaqfhmdfvbuexl7o5s5odfiji72x7o6sftpssg3khtzagf3efnbni","2021-02-01",-10,"2021-02-28",-10,"3Degrees Group, Inc","235 Montgomery St Suite 320 CA94104 San Francisco US","US","WECC",18000000,"GLT Los Rob 160 - DDRC Marengo","REC","GREEN_E_ENERGY","SOLAR","2021-02-01",-10,"2021-02-28",-10
"20211115_3D_PL_transaction_1_attestation_13","US_GreenE_563MWh_Jan_to_August_2021.pdf","bafybeihhyushebp7oscpimhsef3655pzch66t6wnqxixgj6vz7qtaupkzy","US_GreenE_563MWh_Jan_to_August_2021_certificate_7","bafyreif3y636wkw6vrz5vpvsxg24npjmba5pn3nfbbl4kstlj6yirfnb7y","2021-02-01",-10,"2021-02-28",-10,"3Degrees Group, Inc","235 Montgomery St Suite 320 CA94104 San Francisco US","US","WECC",1000000,"Red Bluff Joint Union High School - Red Bluff 2","REC","GREEN_E_ENERGY","SOLAR","2021-02-01",-10,"2021-02-28",-10
"20211115_3D_PL_transaction_1_attestation_13","US_GreenE_563MWh_Jan_to_August_2021.pdf","bafybeihhyushebp7oscpimhsef3655pzch66t6wnqxixgj6vz7qtaupkzy","US_GreenE_563MWh_Jan_to_August_2021_certificate_8","bafyreib6unndhyyxxpny3lhhp4ltqg72k3yaxw5v44wekaegrritpjk5iu","2021-03-01",-9,"2021-03-31",-9,"3Degrees Group, Inc","235 Montgomery St Suite 320 CA94104 San Francisco US","US","WECC",23000000,"GLT Los Rob 160 - DDRC Marengo","REC","GREEN_E_ENERGY","SOLAR","2021-03-01",-9,"2021-03-31",-9
"20211115_3D_PL_transaction_1_attestation_13","US_GreenE_563MWh_Jan_to_August_2021.pdf","bafybeihhyushebp7oscpimhsef3655pzch66t6wnqxixgj6vz7qtaupkzy","US_GreenE_563MWh_Jan_to_August_2021_certificate_9","bafyreiatae3z65jqtvrugln524hxlvkvr2rkujjdbuovvgiuibnimbw7bq","2021-03-01",-9,"2021-03-31",-9,"3Degrees Group, Inc","235 Montgomery St Suite 320 CA94104 San Francisco US","US","WECC",1000000,"Red Bluff Joint Union High School - Red Bluff 1","REC","GREEN_E_ENERGY","SOLAR","2021-03-01",-9,"2021-03-31",-9
"20211115_3D_PL_transaction_1_attestation_13","US_GreenE_563MWh_Jan_to_August_2021.pdf","bafybeihhyushebp7oscpimhsef3655pzch66t6wnqxixgj6vz7qtaupkzy","US_GreenE_563MWh_Jan_to_August_2021_certificate_10","bafyreifreuvc2gt4u5wysx6z7xpxw27hg5md2xu7mki5dnc6ncqoxuc4za","2021-04-01",-9,"2021-04-30",-9,"3Degrees Group, Inc","235 Montgomery St Suite 320 CA94104 San Francisco US","US","WECC",14000000,"GLT The Pike 150 - DDRC Long Beach","REC","GREEN_E_ENERGY","SOLAR","2021-04-01",-9,"2021-04-30",-9
"20211115_3D_PL_transaction_1_attestation_13","US_GreenE_563MWh_Jan_to_August_2021.pdf","bafybeihhyushebp7oscpimhsef3655pzch66t6wnqxixgj6vz7qtaupkzy","US_GreenE_563MWh_Jan_to_August_2021_certificate_11","bafyreiff5c3nx6vj2o2lzvsn7wysktyf7wdctspwhlyjg6ultpdy3x7x2u","2021-05-01",-9,"2021-05-31",-9,"3Degrees Group, Inc","235 Montgomery St Suite 320 CA94104 San Francisco US","US","WECC",9000000,"GLT Los Rob 60 - DDRC Marengo","REC","GREEN_E_ENERGY","SOLAR","2021-05-01",-9,"2021-05-31",-9
"20211115_3D_PL_transaction_1_attestation_13","US_GreenE_563MWh_Jan_to_August_2021.pdf","bafybeihhyushebp7oscpimhsef3655pzch66t6wnqxixgj6vz7qtaupkzy","US_GreenE_563MWh_Jan_to_August_2021_certificate_12","bafyreiefalvbtklucbmf7ms22c4fqwvph5h54oucvbcjznhltt7jcritxe","2021-05-01",-9,"2021-05-31",-9,"3Degrees Group, Inc","235 Montgomery St Suite 320 CA94104 San Francisco US","US","WECC",15000000,"GLT The Pike 150 - DDRC Long Beach","REC","GREEN_E_ENERGY","SOLAR","2021-05-01",-9,"2021-05-31",-9
"20211115_3D_PL_transaction_1_attestation_13","US_GreenE_563MWh_Jan_to_August_2021.pdf","bafybeihhyushebp7oscpimhsef3655pzch66t6wnqxixgj6vz7qtaupkzy","US_GreenE_563MWh_Jan_to_August_2021_certificate_13","bafyreig5xzmqo6ckbo2wywaxeh4hivxfpel7keqrqi6b3aqngutfhewjri","2021-06-01",-9,"2021-06-30",-9,"3Degrees Group, Inc","235 Montgomery St Suite 320 CA94104 San Francisco US","US","WECC",13000000,"GLT Los Osos Solar - San Luis Obispo - Los Osos Middle","REC","GREEN_E_ENERGY","SOLAR","2021-06-01",-9,"2021-06-30",-9
"20211115_3D_PL_transaction_1_attestation_13","US_GreenE_563MWh_Jan_to_August_2021.pdf","bafybeihhyushebp7oscpimhsef3655pzch66t6wnqxixgj6vz7qtaupkzy","US_GreenE_563MWh_Jan_to_August_2021_certificate_14","bafyreichjxz42iezhf5w5eiwcwdwyrcktrcp76nj3r25foyhwnocyfmfha","2021-06-01",-9,"2021-06-30",-9,"3Degrees Group, Inc","235 Montgomery St Suite 320 CA94104 San Francisco US","US","WECC",24000000,"GLT Los Rob 160 - DDRC Marengo","REC","GREEN_E_ENERGY","SOLAR","2021-06-01",-9,"2021-06-30",-9
"20211115_3D_PL_transaction_1_attestation_13","US_GreenE_563MWh_Jan_to_August_2021.pdf","bafybeihhyushebp7oscpimhsef3655pzch66t6wnqxixgj6vz7qtaupkzy","US_GreenE_563MWh_Jan_to_August_2021_certificate_15","bafyreighhpci5yhe637mlj3ipijkf4pii6dkh7hok676vpyc7w36z45ipm","2021-06-01",-9,"2021-06-30",-9,"3Degrees Group, Inc","235 Montgomery St Suite 320 CA94104 San Francisco US","US","WECC",9000000,"GLT Los Rob 60 - DDRC Marengo","REC","GREEN_E_ENERGY","SOLAR","2021-06-01",-9,"2021-06-30",-9
"20211115_3D_PL_transaction_1_attestation_13","US_GreenE_563MWh_Jan_to_August_2021.pdf","bafybeihhyushebp7oscpimhsef3655pzch66t6wnqxixgj6vz7qtaupkzy","US_GreenE_563MWh_Jan_to_August_2021_certificate_16","bafyreicu5nwh37az6xzju7aepr5jexk2ml4mwvow4v5eqspnjji2lpzp3y","2021-06-01",-9,"2021-06-30",-9,"3Degrees Group, Inc","235 Montgomery St Suite 320 CA94104 San Francisco US","US","WECC",19000000,"GLT The Pike 115 - DDRC Long Beach","REC","GREEN_E_ENERGY","SOLAR","2021-06-01",-9,"2021-06-30",-9
"20211115_3D_PL_transaction_1_attestation_13","US_GreenE_563MWh_Jan_to_August_2021.pdf","bafybeihhyushebp7oscpimhsef3655pzch66t6wnqxixgj6vz7qtaupkzy","US_GreenE_563MWh_Jan_to_August_2021_certificate_17","bafyreibtzgnvnsbvsfetxuk5vudvidzwfrhmyxfhb5d63ygfbdayw4sxn4","2021-06-01",-9,"2021-06-30",-9,"3Degrees Group, Inc","235 Montgomery St Suite 320 CA94104 San Francisco US","US","WECC",15000000,"GLT The Pike 150 - DDRC Long Beach","REC","GREEN_E_ENERGY","SOLAR","2021-06-01",-9,"2021-06-30",-9
"20211115_3D_PL_transaction_1_attestation_13","US_GreenE_563MWh_Jan_to_August_2021.pdf","bafybeihhyushebp7oscpimhsef3655pzch66t6wnqxixgj6vz7qtaupkzy","US_GreenE_563MWh_Jan_to_August_2021_certificate_18","bafyreieg5cyc7ydy7ybrolml2fnodovvzho52ww2vptptqqbfyekw4sjhm","2021-07-01",-9,"2021-07-31",-9,"3Degrees Group, Inc","235 Montgomery St Suite 320 CA94104 San Francisco US","US","WECC",28000000,"GLT Laguna Solar - San Luis Obispo - Laguna Middle","REC","GREEN_E_ENERGY","SOLAR","2021-07-01",-9,"2021-07-31",-9
"20211115_3D_PL_transaction_1_attestation_13","US_GreenE_563MWh_Jan_to_August_2021.pdf","bafybeihhyushebp7oscpimhsef3655pzch66t6wnqxixgj6vz7qtaupkzy","US_GreenE_563MWh_Jan_to_August_2021_certificate_19","bafyreia6dqospmuncyqiqfeu5zkwooo3vadx6fi3tkgpotcj53g4bw66zq","2021-07-01",-9,"2021-07-31",-9,"3Degrees Group, Inc","235 Montgomery St Suite 320 CA94104 San Francisco US","US","WECC",35000000,"GLT Los Osos Solar - San Luis Obispo - Los Osos Middle","REC","GREEN_E_ENERGY","SOLAR","2021-07-01",-9,"2021-07-31",-9
"20211115_3D_PL_transaction_1_attestation_13","US_GreenE_563MWh_Jan_to_August_2021.pdf","bafybeihhyushebp7oscpimhsef3655pzch66t6wnqxixgj6vz7qtaupkzy","US_GreenE_563MWh_Jan_to_August_2021_certificate_20","bafyreiejrhkv3igdhodse47iduld5kseoi3udp47tvoqzjdykyphb4xwuq","2021-07-01",-9,"2021-07-31",-9,"3Degrees Group, Inc","235 Montgomery St Suite 320 CA94104 San Francisco US","US","WECC",23000000,"GLT Los Rob 160 - DDRC Marengo","REC","GREEN_E_ENERGY","SOLAR","2021-07-01",-9,"2021-07-31",-9
"20211115_3D_PL_transaction_1_attestation_13","US_GreenE_563MWh_Jan_to_August_2021.pdf","bafybeihhyushebp7oscpimhsef3655pzch66t6wnqxixgj6vz7qtaupkzy","US_GreenE_563MWh_Jan_to_August_2021_certificate_21","bafyreid4ab7y6m542uup76wpila7ewglvgqakp6qh2cwd6yhuv45izm6im","2021-07-01",-9,"2021-07-31",-9,"3Degrees Group, Inc","235 Montgomery St Suite 320 CA94104 San Francisco US","US","WECC",9000000,"GLT Los Rob 60 - DDRC Marengo","REC","GREEN_E_ENERGY","SOLAR","2021-07-01",-9,"2021-07-31",-9
"20211115_3D_PL_transaction_1_attestation_13","US_GreenE_563MWh_Jan_to_August_2021.pdf","bafybeihhyushebp7oscpimhsef3655pzch66t6wnqxixgj6vz7qtaupkzy","US_GreenE_563MWh_Jan_to_August_2021_certificate_22","bafyreienfyhqnwva4zavqzczuw6tfvpsl7lo5h6zpethihcxyhi47qn3om","2021-07-01",-9,"2021-07-31",-9,"3Degrees Group, Inc","235 Montgomery St Suite 320 CA94104 San Francisco US","US","WECC",20000000,"GLT The Pike 115 - DDRC Long Beach","REC","GREEN_E_ENERGY","SOLAR","2021-07-01",-9,"2021-07-31",-9
"20211115_3D_PL_transaction_1_attestation_13","US_GreenE_563MWh_Jan_to_August_2021.pdf","bafybeihhyushebp7oscpimhsef3655pzch66t6wnqxixgj6vz7qtaupkzy","US_GreenE_563MWh_Jan_to_August_2021_certificate_23","bafyreiey37is5emtosqlkozphdnoak5cuca23ml7gsdxx54jkvk6exiwme","2021-07-01",-9,"2021-07-31",-9,"3Degrees Group, Inc","235 Montgomery St Suite 320 CA94104 San Francisco US","US","WECC",15000000,"GLT The Pike 150 - DDRC Long Beach","REC","GREEN_E_ENERGY","SOLAR","2021-07-01",-9,"2021-07-31",-9
"20211115_3D_PL_transaction_1_attestation_13","US_GreenE_563MWh_Jan_to_August_2021.pdf","bafybeihhyushebp7oscpimhsef3655pzch66t6wnqxixgj6vz7qtaupkzy","US_GreenE_563MWh_Jan_to_August_2021_certificate_24","bafyreif7k7qd2cftbs2cy5kal6heu5qijrtm7wvv53wdvtx4qxfn635odm","2021-08-01",-9,"2021-08-31",-9,"3Degrees Group, Inc","235 Montgomery St Suite 320 CA94104 San Francisco US","US","WECC",162000000,"GLT Chuckawalla Solar - State of California - Chuckawalla Prison 2","REC","GREEN_E_ENERGY","SOLAR","2021-08-01",-9,"2021-08-31",-9
"20211115_3D_PL_transaction_1_attestation_14","US_GreenE_640MWh_Oct2020_to_August2021.pdf","bafkreigkh3g2heecbfobxbzyqvwp5gxlefqdrojumbu5clnl3rjujsokxi","US_GreenE_640MWh_Oct2020_to_August2021_certificate_1","bafyreibtdjevy3lbzx3umsxnxc7gfiimx44p42pwek4klrq6del5mysttq","2021-03-01",-9,"2021-03-31",-9,"3Degrees Group, Inc","235 Montgomery St Suite 320 CA94104 San Francisco US","US","RFC",1000000,"1AU, LLC (IN) ","REC","GREEN_E_ENERGY","WIND","2021-03-01",-9,"2021-03-31",-9
"20211115_3D_PL_transaction_1_attestation_14","US_GreenE_640MWh_Oct2020_to_August2021.pdf","bafkreigkh3g2heecbfobxbzyqvwp5gxlefqdrojumbu5clnl3rjujsokxi","US_GreenE_640MWh_Oct2020_to_August2021_certificate_2","bafyreiebvwkj43tj722wpbo6n7oxpth5gqwze7tiks2ombr3amac4gefku","2021-01-01",-10,"2021-01-31",-10,"3Degrees Group, Inc","235 Montgomery St Suite 320 CA94104 San Francisco US","US","RFC",2000000,"Big Turtle Wind Farm Two","REC","GREEN_E_ENERGY","WIND","2021-01-01",-10,"2021-01-31",-10
"20211115_3D_PL_transaction_1_attestation_14","US_GreenE_640MWh_Oct2020_to_August2021.pdf","bafkreigkh3g2heecbfobxbzyqvwp5gxlefqdrojumbu5clnl3rjujsokxi","US_GreenE_640MWh_Oct2020_to_August2021_certificate_3","bafyreiaw4utvkvpbdyppax6enbpv4oet7f5c3rvfg22p4zc27klvsaaoqe","2021-02-01",-10,"2021-02-28",-10,"3Degrees Group, Inc","235 Montgomery St Suite 320 CA94104 San Francisco US","US","RFC",1000000,"Big Turtle Wind Farm Two","REC","GREEN_E_ENERGY","WIND","2021-02-01",-10,"2021-02-28",-10
"20211115_3D_PL_transaction_1_attestation_14","US_GreenE_640MWh_Oct2020_to_August2021.pdf","bafkreigkh3g2heecbfobxbzyqvwp5gxlefqdrojumbu5clnl3rjujsokxi","US_GreenE_640MWh_Oct2020_to_August2021_certificate_4","bafyreifcmkjisz6fk2gp6wkuk6mt5gfttx4mxdexqo5ahnihjyvp5hssja","2021-05-01",-9,"2021-05-31",-9,"3Degrees Group, Inc","235 Montgomery St Suite 320 CA94104 San Francisco US","US","RFC",1000000,"Big Turtle Wind Farm Two","REC","GREEN_E_ENERGY","WIND","2021-05-01",-9,"2021-05-31",-9
"20211115_3D_PL_transaction_1_attestation_14","US_GreenE_640MWh_Oct2020_to_August2021.pdf","bafkreigkh3g2heecbfobxbzyqvwp5gxlefqdrojumbu5clnl3rjujsokxi","US_GreenE_640MWh_Oct2020_to_August2021_certificate_5","bafyreiegefjsf6pt57z47nvvf5ugpe2rc5rjjzfs2lhrzq4ett6j6pokxi","2021-06-01",-9,"2021-06-30",-9,"3Degrees Group, Inc","235 Montgomery St Suite 320 CA94104 San Francisco US","US","RFC",2000000,"Big Turtle Wind Farm Two","REC","GREEN_E_ENERGY","WIND","2021-06-01",-9,"2021-06-30",-9
"20211115_3D_PL_transaction_1_attestation_14","US_GreenE_640MWh_Oct2020_to_August2021.pdf","bafkreigkh3g2heecbfobxbzyqvwp5gxlefqdrojumbu5clnl3rjujsokxi","US_GreenE_640MWh_Oct2020_to_August2021_certificate_6","bafyreiefbzh6ygqtamswvisqdgdm2fppvg6r35oqjq5n3o4gh6a4z27lhy","2021-08-01",-9,"2021-08-31",-9,"3Degrees Group, Inc","235 Montgomery St Suite 320 CA94104 San Francisco US","US","RFC",1000000,"Big Turtle Wind Farm Two","REC","GREEN_E_ENERGY","WIND","2021-08-01",-9,"2021-08-31",-9
"20211115_3D_PL_transaction_1_attestation_14","US_GreenE_640MWh_Oct2020_to_August2021.pdf","bafkreigkh3g2heecbfobxbzyqvwp5gxlefqdrojumbu5clnl3rjujsokxi","US_GreenE_640MWh_Oct2020_to_August2021_certificate_7","bafyreifzjmcnvr44thj6srymivbni7goei7y4fdihgmglo3bqyxc3y4sly","2020-09-01",-9,"2020-09-30",-9,"3Degrees Group, Inc","235 Montgomery St Suite 320 CA94104 San Francisco US","US","RFC",1000000,"Brook View Dairy 1","REC","GREEN_E_ENERGY","BIOGAS","2020-09-01",-9,"2020-09-30",-9
"20211115_3D_PL_transaction_1_attestation_14","US_GreenE_640MWh_Oct2020_to_August2021.pdf","bafkreigkh3g2heecbfobxbzyqvwp5gxlefqdrojumbu5clnl3rjujsokxi","US_GreenE_640MWh_Oct2020_to_August2021_certificate_8","bafyreihplaudiq5pqkr2sn7x4g5hgewv5ezx7vgr4eha2diaivthj6bdjq","2021-04-01",-9,"2021-04-30",-9,"3Degrees Group, Inc","235 Montgomery St Suite 320 CA94104 San Francisco US","US","NPCC",2000000,"Caribou Solar LLC","REC","GREEN_E_ENERGY","SOLAR","2021-04-01",-9,"2021-04-30",-9
"20211115_3D_PL_transaction_1_attestation_14","US_GreenE_640MWh_Oct2020_to_August2021.pdf","bafkreigkh3g2heecbfobxbzyqvwp5gxlefqdrojumbu5clnl3rjujsokxi","US_GreenE_640MWh_Oct2020_to_August2021_certificate_9","bafyreiairlr3qogs3hwvrs4ouoyai3av7fv5mra4fppf4jve57ezsmihii","2021-05-01",-9,"2021-05-31",-9,"3Degrees Group, Inc","235 Montgomery St Suite 320 CA94104 San Francisco US","US","NPCC",9000000,"Caribou Solar LLC","REC","GREEN_E_ENERGY","SOLAR","2021-05-01",-9,"2021-05-31",-9
"20211115_3D_PL_transaction_1_attestation_14","US_GreenE_640MWh_Oct2020_to_August2021.pdf","bafkreigkh3g2heecbfobxbzyqvwp5gxlefqdrojumbu5clnl3rjujsokxi","US_GreenE_640MWh_Oct2020_to_August2021_certificate_10","bafyreicyxd44ulveouas5ikl5ueslm5dymlbcwnzy76qxvgieq2cjr2pfu","2021-06-01",-9,"2021-06-30",-9,"3Degrees Group, Inc","235 Montgomery St Suite 320 CA94104 San Francisco US","US","NPCC",10000000,"Caribou Solar LLC","REC","GREEN_E_ENERGY","SOLAR","2021-06-01",-9,"2021-06-30",-9
"20211115_3D_PL_transaction_1_attestation_14","US_GreenE_640MWh_Oct2020_to_August2021.pdf","bafkreigkh3g2heecbfobxbzyqvwp5gxlefqdrojumbu5clnl3rjujsokxi","US_GreenE_640MWh_Oct2020_to_August2021_certificate_11","bafyreibozuvcvdu4p2ipna7wyrz2ix2yszwpjgyzv6bbf3t5ajwppmu244","2020-11-01",-10,"2020-11-30",-10,"3Degrees Group, Inc","235 Montgomery St Suite 320 CA94104 San Francisco US","US","NPCC",6000000,"Cohocton Wind Project (Candigu)","REC","GREEN_E_ENERGY","WIND","2020-11-01",-10,"2020-11-30",-10
"20211115_3D_PL_transaction_1_attestation_14","US_GreenE_640MWh_Oct2020_to_August2021.pdf","bafkreigkh3g2heecbfobxbzyqvwp5gxlefqdrojumbu5clnl3rjujsokxi","US_GreenE_640MWh_Oct2020_to_August2021_certificate_12","bafyreida3kvaqd4pv3yzco53drrvfdfuluhyjrus3gauzgcgsclk6tcuj4","2021-08-01",-9,"2021-08-31",-9,"3Degrees Group, Inc","235 Montgomery St Suite 320 CA94104 San Francisco US","US","WECC",162000000,"GLT Chuckawalla Solar - State of California - Chuckawalla Prison","REC","GREEN_E_ENERGY","SOLAR","2021-08-01",-9,"2021-08-31",-9
"20211115_3D_PL_transaction_1_attestation_14","US_GreenE_640MWh_Oct2020_to_August2021.pdf","bafkreigkh3g2heecbfobxbzyqvwp5gxlefqdrojumbu5clnl3rjujsokxi","US_GreenE_640MWh_Oct2020_to_August2021_certificate_13","bafyreigdhbsiqsnrlg6kipvzvzub5z7p6lnn7x7lkojhfkulg2txclpoji","2021-02-01",-10,"2021-02-28",-10,"3Degrees Group, Inc","235 Montgomery St Suite 320 CA94104 San Francisco US","US","WECC",25000000,"GLT Laguna Solar - San Luis Obispo - Laguna Middle","REC","GREEN_E_ENERGY","SOLAR","2021-02-01",-10,"2021-02-28",-10
"20211115_3D_PL_transaction_1_attestation_14","US_GreenE_640MWh_Oct2020_to_August2021.pdf","bafkreigkh3g2heecbfobxbzyqvwp5gxlefqdrojumbu5clnl3rjujsokxi","US_GreenE_640MWh_Oct2020_to_August2021_certificate_14","bafyreia2bbj37qpg5ga6gdzabyotueb65zxod5snznbcaveiwi7qm5qr64","2021-07-01",-9,"2021-07-31",-9,"3Degrees Group, Inc","235 Montgomery St Suite 320 CA94104 San Francisco US","US","WECC",28000000,"GLT Laguna Solar - San Luis Obispo - Laguna Middle","REC","GREEN_E_ENERGY","SOLAR","2021-07-01",-9,"2021-07-31",-9
"20211115_3D_PL_transaction_1_attestation_14","US_GreenE_640MWh_Oct2020_to_August2021.pdf","bafkreigkh3g2heecbfobxbzyqvwp5gxlefqdrojumbu5clnl3rjujsokxi","US_GreenE_640MWh_Oct2020_to_August2021_certificate_15","bafyreia5lwcokgizvtuiffheewh5nuewv27zahxw4y23mq7bqjbgm5gkeu","2021-02-01",-10,"2021-02-28",-10,"3Degrees Group, Inc","235 Montgomery St Suite 320 CA94104 San Francisco US","US","WECC",20000000,"GLT Laguna Solar - San Luis Obispo - Laguna Middle","REC","GREEN_E_ENERGY","SOLAR","2021-02-01",-10,"2021-02-28",-10
"20211115_3D_PL_transaction_1_attestation_14","US_GreenE_640MWh_Oct2020_to_August2021.pdf","bafkreigkh3g2heecbfobxbzyqvwp5gxlefqdrojumbu5clnl3rjujsokxi","US_GreenE_640MWh_Oct2020_to_August2021_certificate_16","bafyreifghakri6ikxc2uw7xf4wp3whf4mbrtshr4ilfikd4cppxciq45uy","2021-06-01",-9,"2021-06-30",-9,"3Degrees Group, Inc","235 Montgomery St Suite 320 CA94104 San Francisco US","US","WECC",13000000,"GLT Laguna Solar - San Luis Obispo - Laguna Middle","REC","GREEN_E_ENERGY","SOLAR","2021-06-01",-9,"2021-06-30",-9
"20211115_3D_PL_transaction_1_attestation_14","US_GreenE_640MWh_Oct2020_to_August2021.pdf","bafkreigkh3g2heecbfobxbzyqvwp5gxlefqdrojumbu5clnl3rjujsokxi","US_GreenE_640MWh_Oct2020_to_August2021_certificate_17","bafyreic43meyfc5oaek7gmxaucyex2ibbc7jaxxgqtieobn72clvhtzuay","2021-07-01",-9,"2021-07-31",-9,"3Degrees Group, Inc","235 Montgomery St Suite 320 CA94104 San Francisco US","US","WECC",35000000,"GLT Laguna Solar - San Luis Obispo - Laguna Middle","REC","GREEN_E_ENERGY","SOLAR","2021-07-01",-9,"2021-07-31",-9
"20211115_3D_PL_transaction_1_attestation_14","US_GreenE_640MWh_Oct2020_to_August2021.pdf","bafkreigkh3g2heecbfobxbzyqvwp5gxlefqdrojumbu5clnl3rjujsokxi","US_GreenE_640MWh_Oct2020_to_August2021_certificate_18","bafyreicnuv6tmxrp6ialoybiawr5atfjylmkrv7kpd5q2eigoqsscsvfbm","2021-02-01",-10,"2021-02-28",-10,"3Degrees Group, Inc","235 Montgomery St Suite 320 CA94104 San Francisco US","US","WECC",18000000,"GLT Los Rob 160 - DDRC Marengo","REC","GREEN_E_ENERGY","SOLAR","2021-02-01",-10,"2021-02-28",-10
"20211115_3D_PL_transaction_1_attestation_14","US_GreenE_640MWh_Oct2020_to_August2021.pdf","bafkreigkh3g2heecbfobxbzyqvwp5gxlefqdrojumbu5clnl3rjujsokxi","US_GreenE_640MWh_Oct2020_to_August2021_certificate_19","bafyreibhqduadwdjeinewjznyjb25takkoqtmsczuy5wkf7ljn4jyvckb4","2021-03-01",-9,"2021-03-31",-9,"3Degrees Group, Inc","235 Montgomery St Suite 320 CA94104 San Francisco US","US","WECC",23000000,"GLT Los Rob 160 - DDRC Marengo","REC","GREEN_E_ENERGY","SOLAR","2021-03-01",-9,"2021-03-31",-9
"20211115_3D_PL_transaction_1_attestation_14","US_GreenE_640MWh_Oct2020_to_August2021.pdf","bafkreigkh3g2heecbfobxbzyqvwp5gxlefqdrojumbu5clnl3rjujsokxi","US_GreenE_640MWh_Oct2020_to_August2021_certificate_20","bafyreifqfd3b2xvs54mtjbdgqz7psbe4wqpwzrje6e5mu7zm5i6waslgbu","2021-06-01",-9,"2021-06-30",-9,"3Degrees Group, Inc","235 Montgomery St Suite 320 CA94104 San Francisco US","US","WECC",24000000,"GLT Los Rob 160 - DDRC Marengo","REC","GREEN_E_ENERGY","SOLAR","2021-06-01",-9,"2021-06-30",-9
"20211115_3D_PL_transaction_1_attestation_14","US_GreenE_640MWh_Oct2020_to_August2021.pdf","bafkreigkh3g2heecbfobxbzyqvwp5gxlefqdrojumbu5clnl3rjujsokxi","US_GreenE_640MWh_Oct2020_to_August2021_certificate_21","bafyreia5mqxyod5gg5mvtb55kim5topax5wv5ftcoynesdvwg7dcmljx34","2021-07-01",-9,"2021-07-31",-9,"3Degrees Group, Inc","235 Montgomery St Suite 320 CA94104 San Francisco US","US","WECC",23000000,"GLT Los Rob 160 - DDRC Marengo","REC","GREEN_E_ENERGY","SOLAR","2021-07-01",-9,"2021-07-31",-9
"20211115_3D_PL_transaction_1_attestation_14","US_GreenE_640MWh_Oct2020_to_August2021.pdf","bafkreigkh3g2heecbfobxbzyqvwp5gxlefqdrojumbu5clnl3rjujsokxi","US_GreenE_640MWh_Oct2020_to_August2021_certificate_22","bafyreiclfcsaxx4kofoa5vrbpsew2dj7o375dqj25zndojiztvung672hm","2021-05-01",-9,"2021-05-31",-9,"3Degrees Group, Inc","235 Montgomery St Suite 320 CA94104 San Francisco US","US","WECC",9000000,"GLT Los Rob 160 - DDRC Marengo","REC","GREEN_E_ENERGY","SOLAR","2021-05-01",-9,"2021-05-31",-9
"20211115_3D_PL_transaction_1_attestation_14","US_GreenE_640MWh_Oct2020_to_August2021.pdf","bafkreigkh3g2heecbfobxbzyqvwp5gxlefqdrojumbu5clnl3rjujsokxi","US_GreenE_640MWh_Oct2020_to_August2021_certificate_23","bafyreih3vaoa67pac3ve2exnpwuhzl4lenzzldho24v4opggl3sb3eyhpe","2021-06-01",-9,"2021-06-30",-9,"3Degrees Group, Inc","235 Montgomery St Suite 320 CA94104 San Francisco US","US","WECC",9000000,"GLT Los Rob 160 - DDRC Marengo","REC","GREEN_E_ENERGY","SOLAR","2021-06-01",-9,"2021-06-30",-9
"20211115_3D_PL_transaction_1_attestation_14","US_GreenE_640MWh_Oct2020_to_August2021.pdf","bafkreigkh3g2heecbfobxbzyqvwp5gxlefqdrojumbu5clnl3rjujsokxi","US_GreenE_640MWh_Oct2020_to_August2021_certificate_24","bafyreif35jbaamiufpgprr52awa5ca6jlh32jwjhgmvbs6s2pod5gscqxe","2021-07-01",-9,"2021-07-31",-9,"3Degrees Group, Inc","235 Montgomery St Suite 320 CA94104 San Francisco US","US","WECC",9000000,"GLT Los Rob 160 - DDRC Marengo","REC","GREEN_E_ENERGY","SOLAR","2021-07-01",-9,"2021-07-31",-9
"20211115_3D_PL_transaction_1_attestation_14","US_GreenE_640MWh_Oct2020_to_August2021.pdf","bafkreigkh3g2heecbfobxbzyqvwp5gxlefqdrojumbu5clnl3rjujsokxi","US_GreenE_640MWh_Oct2020_to_August2021_certificate_25","bafyreih7wl2cidnhtsjm5tbrmxpacj4upbpogqt4vwflcujqxtb26zvxwm","2021-06-01",-9,"2021-06-30",-9,"3Degrees Group, Inc","235 Montgomery St Suite 320 CA94104 San Francisco US","US","WECC",19000000,"GLT The Pike 115 - DDRC Long Beach","REC","GREEN_E_ENERGY","SOLAR","2021-06-01",-9,"2021-06-30",-9
"20211115_3D_PL_transaction_1_attestation_14","US_GreenE_640MWh_Oct2020_to_August2021.pdf","bafkreigkh3g2heecbfobxbzyqvwp5gxlefqdrojumbu5clnl3rjujsokxi","US_GreenE_640MWh_Oct2020_to_August2021_certificate_26","bafyreif2jkonllwl3fnhfj3dn6spnszy4arig2mti4liodqolvrnp4biiq","2021-07-01",-9,"2021-07-31",-9,"3Degrees Group, Inc","235 Montgomery St Suite 320 CA94104 San Francisco US","US","WECC",20000000,"GLT The Pike 115 - DDRC Long Beach","REC","GREEN_E_ENERGY","SOLAR","2021-07-01",-9,"2021-07-31",-9
"20211115_3D_PL_transaction_1_attestation_14","US_GreenE_640MWh_Oct2020_to_August2021.pdf","bafkreigkh3g2heecbfobxbzyqvwp5gxlefqdrojumbu5clnl3rjujsokxi","US_GreenE_640MWh_Oct2020_to_August2021_certificate_27","bafyreifsqdrjp34mg4kcgw76qpql7wzqlmp7oenmcowpptfl3osrvehxyu","2021-04-01",-9,"2021-04-30",-9,"3Degrees Group, Inc","235 Montgomery St Suite 320 CA94104 San Francisco US","US","WECC",14000000,"GLT The Pike 150 - DDRC Long Beach","REC","GREEN_E_ENERGY","SOLAR","2021-04-01",-9,"2021-04-30",-9
"20211115_3D_PL_transaction_1_attestation_14","US_GreenE_640MWh_Oct2020_to_August2021.pdf","bafkreigkh3g2heecbfobxbzyqvwp5gxlefqdrojumbu5clnl3rjujsokxi","US_GreenE_640MWh_Oct2020_to_August2021_certificate_28","bafyreibrnedtyiu4wxdvcm7dgnpjfkhdwdjoqf46d5s3tplsfulmssu43y","2021-05-01",-9,"2021-05-31",-9,"3Degrees Group, Inc","235 Montgomery St Suite 320 CA94104 San Francisco US","US","WECC",15000000,"GLT The Pike 150 - DDRC Long Beach","REC","GREEN_E_ENERGY","SOLAR","2021-05-01",-9,"2021-05-31",-9
"20211115_3D_PL_transaction_1_attestation_14","US_GreenE_640MWh_Oct2020_to_August2021.pdf","bafkreigkh3g2heecbfobxbzyqvwp5gxlefqdrojumbu5clnl3rjujsokxi","US_GreenE_640MWh_Oct2020_to_August2021_certificate_29","bafyreigdt3pbcoqzm2edg5qwlay557hwjncxdongcix4f4nw6kybqmc33e","2021-06-01",-9,"2021-06-30",-9,"3Degrees Group, Inc","235 Montgomery St Suite 320 CA94104 San Francisco US","US","WECC",15000000,"GLT The Pike 150 - DDRC Long Beach","REC","GREEN_E_ENERGY","SOLAR","2021-06-01",-9,"2021-06-30",-9
"20211115_3D_PL_transaction_1_attestation_14","US_GreenE_640MWh_Oct2020_to_August2021.pdf","bafkreigkh3g2heecbfobxbzyqvwp5gxlefqdrojumbu5clnl3rjujsokxi","US_GreenE_640MWh_Oct2020_to_August2021_certificate_30","bafyreieltdsjng2c23y7bp5wfrbyqfwutqjbx2filh2gx6t6mg6lghdusi","2021-07-01",-9,"2021-07-31",-9,"3Degrees Group, Inc","235 Montgomery St Suite 320 CA94104 San Francisco US","US","WECC",15000000,"GLT The Pike 150 - DDRC Long Beach","REC","GREEN_E_ENERGY","SOLAR","2021-07-01",-9,"2021-07-31",-9
"20211115_3D_PL_transaction_1_attestation_14","US_GreenE_640MWh_Oct2020_to_August2021.pdf","bafkreigkh3g2heecbfobxbzyqvwp5gxlefqdrojumbu5clnl3rjujsokxi","US_GreenE_640MWh_Oct2020_to_August2021_certificate_31","bafyreicuq4r53fzig7atuz3je3rclvralijj37w3kslzm6xhqzyvox4y3y","2021-04-01",-6,"2021-04-30",-6,"3Degrees Group, Inc","235 Montgomery St Suite 320 CA94104 San Francisco US","CA",,5000000,"Hermanville Wind Farm","REC","GREEN_E_ENERGY","WIND","2021-04-01",-6,"2021-04-30",-6
"20211115_3D_PL_transaction_1_attestation_14","US_GreenE_640MWh_Oct2020_to_August2021.pdf","bafkreigkh3g2heecbfobxbzyqvwp5gxlefqdrojumbu5clnl3rjujsokxi","US_GreenE_640MWh_Oct2020_to_August2021_certificate_32","bafyreiarwxzseil7ow6mrubm6pyepjukuvseees5hec7tt6u2ffkpfx6fi","2021-05-01",-6,"2021-05-31",-6,"3Degrees Group, Inc","235 Montgomery St Suite 320 CA94104 San Francisco US","CA",,4000000,"Hermanville Wind Farm","REC","GREEN_E_ENERGY","WIND","2021-05-01",-6,"2021-05-31",-6
"20211115_3D_PL_transaction_1_attestation_14","US_GreenE_640MWh_Oct2020_to_August2021.pdf","bafkreigkh3g2heecbfobxbzyqvwp5gxlefqdrojumbu5clnl3rjujsokxi","US_GreenE_640MWh_Oct2020_to_August2021_certificate_33","bafyreihgc62eprlgggdh7id7gy6vvres5ost3tedn3vtrqn2lo262ohymu","2021-06-01",-6,"2021-06-30",-6,"3Degrees Group, Inc","235 Montgomery St Suite 320 CA94104 San Francisco US","CA",,3000000,"Hermanville Wind Farm","REC","GREEN_E_ENERGY","WIND","2021-06-01",-6,"2021-06-30",-6
"20211115_3D_PL_transaction_1_attestation_14","US_GreenE_640MWh_Oct2020_to_August2021.pdf","bafkreigkh3g2heecbfobxbzyqvwp5gxlefqdrojumbu5clnl3rjujsokxi","US_GreenE_640MWh_Oct2020_to_August2021_certificate_34","bafyreidaa6cohn5biaadc2gttssrhhpxx7i7swsogcicp474onfhjhjqri","2021-04-01",-9,"2021-04-30",-9,"3Degrees Group, Inc","235 Montgomery St Suite 320 CA94104 San Francisco US","US","RFC",2000000,"Jordan Creek Wind Farm","REC","GREEN_E_ENERGY","WIND","2021-04-01",-9,"2021-04-30",-9
"20211115_3D_PL_transaction_1_attestation_14","US_GreenE_640MWh_Oct2020_to_August2021.pdf","bafkreigkh3g2heecbfobxbzyqvwp5gxlefqdrojumbu5clnl3rjujsokxi","US_GreenE_640MWh_Oct2020_to_August2021_certificate_35","bafyreidmv2wd4gijb3x5omckco6eqnnukhi2jckssy2oyl7jzyjhtlcxuy","2021-01-01",-10,"2021-01-31",-10,"3Degrees Group, Inc","235 Montgomery St Suite 320 CA94104 San Francisco US","US","WECC",22000000,"Meridian Vineyards - Meridian Red Tank RT PV1","REC","GREEN_E_ENERGY","SOLAR","2021-01-01",-10,"2021-01-31",-10
"20211115_3D_PL_transaction_1_attestation_14","US_GreenE_640MWh_Oct2020_to_August2021.pdf","bafkreigkh3g2heecbfobxbzyqvwp5gxlefqdrojumbu5clnl3rjujsokxi","US_GreenE_640MWh_Oct2020_to_August2021_certificate_36","bafyreiectt3ot75o5jxe5ge6k6zx7tiwevz52ogcfhzffpjozz7qtodgyq","2020-10-01",-9,"2020-10-31",-9,"3Degrees Group, Inc","235 Montgomery St Suite 320 CA94104 San Francisco US","US","RFC",1000000,"Milford Raman Solar, LLC","REC","GREEN_E_ENERGY","SOLAR","2020-10-01",-9,"2020-10-31",-9
"20211115_3D_PL_transaction_1_attestation_14","US_GreenE_640MWh_Oct2020_to_August2021.pdf","bafkreigkh3g2heecbfobxbzyqvwp5gxlefqdrojumbu5clnl3rjujsokxi","US_GreenE_640MWh_Oct2020_to_August2021_certificate_37","bafyreic5px4335otefwp5sqb7aw7zj7vhqfghdh73ljuivqzjqpthg3qle","2021-01-01",-10,"2021-01-31",-10,"3Degrees Group, Inc","235 Montgomery St Suite 320 CA94104 San Francisco US","US","WECC",32000000,"Milpitas High School Solar","REC","GREEN_E_ENERGY","SOLAR","2021-01-01",-10,"2021-01-31",-10
"20211115_3D_PL_transaction_1_attestation_14","US_GreenE_640MWh_Oct2020_to_August2021.pdf","bafkreigkh3g2heecbfobxbzyqvwp5gxlefqdrojumbu5clnl3rjujsokxi","US_GreenE_640MWh_Oct2020_to_August2021_certificate_38","bafyreig5sejl5axbzgopzhene4c7aa7dduyo7ly25ngwoyhn5evezs72fq","2021-03-01",-9,"2021-03-31",-9,"3Degrees Group, Inc","235 Montgomery St Suite 320 CA94104 San Francisco US","US","WECC",1000000,"Red Bluff Joint Union High School - Red Bluff 1","REC","GREEN_E_ENERGY","SOLAR","2021-03-01",-9,"2021-03-31",-9
"20211115_3D_PL_transaction_1_attestation_14","US_GreenE_640MWh_Oct2020_to_August2021.pdf","bafkreigkh3g2heecbfobxbzyqvwp5gxlefqdrojumbu5clnl3rjujsokxi","US_GreenE_640MWh_Oct2020_to_August2021_certificate_39","bafyreifm4hxbllfgcq7hpcpaccctness253cnxg2pxpogkk222r4aa27my","2021-02-01",-10,"2021-02-28",-10,"3Degrees Group, Inc","235 Montgomery St Suite 320 CA94104 San Francisco US","US","WECC",1000000,"Red Bluff Joint Union High School - Red Bluff 1","REC","GREEN_E_ENERGY","SOLAR","2021-02-01",-10,"2021-02-28",-10
"20211115_3D_PL_transaction_1_attestation_14","US_GreenE_640MWh_Oct2020_to_August2021.pdf","bafkreigkh3g2heecbfobxbzyqvwp5gxlefqdrojumbu5clnl3rjujsokxi","US_GreenE_640MWh_Oct2020_to_August2021_certificate_40","bafyreihlbyguhwyshk4z4sn6heav27i3rlb3ejlpt3jqcrrl64jf4swri4","2020-11-01",-10,"2020-11-30",-10,"3Degrees Group, Inc","235 Montgomery St Suite 320 CA94104 San Francisco US","US","RFC",1000000,"Rosewater Wind Project","REC","GREEN_E_ENERGY","WIND","2020-11-01",-10,"2020-11-30",-10
"20211115_3D_PL_transaction_1_attestation_14","US_GreenE_640MWh_Oct2020_to_August2021.pdf","bafkreigkh3g2heecbfobxbzyqvwp5gxlefqdrojumbu5clnl3rjujsokxi","US_GreenE_640MWh_Oct2020_to_August2021_certificate_41","bafyreiff35h3icgxk4ixbmhehrdyjtw5a7tku5llorezxnrizjsverfcme","2020-12-01",-10,"2020-12-31",-10,"3Degrees Group, Inc","235 Montgomery St Suite 320 CA94104 San Francisco US","US","RFC",1000000,"Rosewater Wind Project","REC","GREEN_E_ENERGY","WIND","2020-12-01",-10,"2020-12-31",-10
"20211115_3D_PL_transaction_1_attestation_14","US_GreenE_640MWh_Oct2020_to_August2021.pdf","bafkreigkh3g2heecbfobxbzyqvwp5gxlefqdrojumbu5clnl3rjujsokxi","US_GreenE_640MWh_Oct2020_to_August2021_certificate_42","bafyreieop3dzdhockoxtlhburwzbo4ihzrc6eo4mei55kxkgb55ocn44k4","2021-07-01",-9,"2021-07-31",-9,"3Degrees Group, Inc","235 Montgomery St Suite 320 CA94104 San Francisco US","US","RFC",1000000,"Rosewater Wind Project","REC","GREEN_E_ENERGY","WIND","2021-07-01",-9,"2021-07-31",-9
"20211115_3D_PL_transaction_1_attestation_14","US_GreenE_640MWh_Oct2020_to_August2021.pdf","bafkreigkh3g2heecbfobxbzyqvwp5gxlefqdrojumbu5clnl3rjujsokxi","US_GreenE_640MWh_Oct2020_to_August2021_certificate_43","bafyreienqudfy5hqyvapz35uairytyy5b3a6rdxaofm2363lsarzhgawf4","2021-02-01",-7,"2021-02-28",-7,"3Degrees Group, Inc","235 Montgomery St Suite 320 CA94104 San Francisco US","CA",,6000000,"St. Joseph Wind Farm","REC","GREEN_E_ENERGY","WIND","2021-02-01",-7,"2021-02-28",-7
"20211115_3D_PL_transaction_1_attestation_14","US_GreenE_640MWh_Oct2020_to_August2021.pdf","bafkreigkh3g2heecbfobxbzyqvwp5gxlefqdrojumbu5clnl3rjujsokxi","US_GreenE_640MWh_Oct2020_to_August2021_certificate_44","bafyreie5d5livgvnp4pzojowquwxdu5v3deyyaoedp5no5itljiwnocje4","2021-03-01",-6,"2021-03-31",-6,"3Degrees Group, Inc","235 Montgomery St Suite 320 CA94104 San Francisco US","CA",,6000000,"St. Joseph Wind Farm","REC","GREEN_E_ENERGY","WIND","2021-03-01",-6,"2021-03-31",-6
"20211115_3D_PL_transaction_1_attestation_14","US_GreenE_640MWh_Oct2020_to_August2021.pdf","bafkreigkh3g2heecbfobxbzyqvwp5gxlefqdrojumbu5clnl3rjujsokxi","US_GreenE_640MWh_Oct2020_to_August2021_certificate_45","bafyreifvsdjl34x4eri2nzmkn5yhl5joxc4kbc3jyl7fw4jyettxodhmve","2020-11-01",-10,"2020-11-30",-10,"3Degrees Group, Inc","235 Montgomery St Suite 320 CA94104 San Francisco US","US","NPCC",1000000,"STEEL - STEEL___WIND","REC","GREEN_E_ENERGY","WIND","2020-11-01",-10,"2020-11-30",-10
"20211115_3D_PL_transaction_1_attestation_14","US_GreenE_640MWh_Oct2020_to_August2021.pdf","bafkreigkh3g2heecbfobxbzyqvwp5gxlefqdrojumbu5clnl3rjujsokxi","US_GreenE_640MWh_Oct2020_to_August2021_certificate_46","bafyreiccna2fjnkz4d4csdq6pq2jk54pg7t5dn742lzyamw2mero6b75be","2021-01-01",-10,"2021-01-31",-10,"3Degrees Group, Inc","235 Montgomery St Suite 320 CA94104 San Francisco US","US","WECC",11000000,"William Burnett Elementary","REC","GREEN_E_ENERGY","SOLAR","2021-01-01",-10,"2021-01-31",-10
"20211115_3D_PL_transaction_1_attestation_14","US_GreenE_640MWh_Oct2020_to_August2021.pdf","bafkreigkh3g2heecbfobxbzyqvwp5gxlefqdrojumbu5clnl3rjujsokxi","US_GreenE_640MWh_Oct2020_to_August2021_certificate_47","bafyreicelwvwwli6pell5vgpu3vtxzdzvtueor56r37scjcem3con5m26i","2020-12-01",-7,"2020-12-31",-7,"3Degrees Group, Inc","235 Montgomery St Suite 320 CA94104 San Francisco US","CA",,5000000,"Zurich CGS","REC","GREEN_E_ENERGY","WIND","2020-12-01",-7,"2020-12-31",-7
"20211115_3D_PL_transaction_1_attestation_14","US_GreenE_640MWh_Oct2020_to_August2021.pdf","bafkreigkh3g2heecbfobxbzyqvwp5gxlefqdrojumbu5clnl3rjujsokxi","US_GreenE_640MWh_Oct2020_to_August2021_certificate_48","bafyreicylzhtg4mxbzivukqebszau7bhy5f3s2hhsyl3gc7j3ulxvilbwu","2021-01-01",-7,"2021-01-31",-7,"3Degrees Group, Inc","235 Montgomery St Suite 320 CA94104 San Francisco US","CA",,5000000,"Zurich CGS","REC","GREEN_E_ENERGY","WIND","2021-01-01",-7,"2021-01-31",-7